,AIC,combo,rank
0,5514.084857097551,['平均気温'],735.0
1,5514.441447043302,['最高気温'],759.0
2,5514.354426267519,['最低気温'],753.0
3,5513.782847940074,['降水量'],709.0
4,5512.009234894613,['日照時間'],625.0
5,5513.598843258137,['降雪量'],694.0
6,5514.954192149027,['平均風速'],782.0
7,5511.398503593565,['平均蒸気圧'],595.0
8,5514.1142998822725,['平均湿度'],740.0
9,5509.957580379832,['平均現地気圧'],572.0
10,5515.372210271405,"['平均気温', '最高気温']",815.0
11,5515.660389283951,"['平均気温', '最低気温']",848.0
12,5515.078787549364,"['平均気温', '降水量']",788.0
13,5513.387045418292,"['平均気温', '日照時間']",674.0
14,5514.921420871656,"['平均気温', '降雪量']",779.0
15,5516.075003567774,"['平均気温', '平均風速']",879.0
16,5441.739160051033,"['平均気温', '平均蒸気圧']",431.0
17,5515.761653919276,"['平均気温', '平均湿度']",854.0
18,5511.9489792987515,"['平均気温', '平均現地気圧']",620.0
19,5516.35382599415,"['最高気温', '最低気温']",895.0
20,5515.305380968472,"['最高気温', '降水量']",807.0
21,5513.238387104866,"['最高気温', '日照時間']",663.0
22,5515.247091845861,"['最高気温', '降雪量']",799.0
23,5516.44143385363,"['最高気温', '平均風速']",901.0
24,5487.422875193924,"['最高気温', '平均蒸気圧']",447.0
25,5515.892034273706,"['最高気温', '平均湿度']",868.0
26,5511.876902543581,"['最高気温', '平均現地気圧']",618.0
27,5515.388026135477,"['最低気温', '降水量']",817.0
28,5513.865020759251,"['最低気温', '日照時間']",719.0
29,5515.13049615517,"['最低気温', '降雪量']",791.0
30,5516.34902445836,"['最低気温', '平均風速']",894.0
31,5404.128652898989,"['最低気温', '平均蒸気圧']",413.0
32,5516.00490533922,"['最低気温', '平均湿度']",873.0
33,5511.875653108495,"['最低気温', '平均現地気圧']",617.0
34,5513.714420149855,"['降水量', '日照時間']",702.0
35,5513.708895196476,"['降水量', '降雪量']",701.0
36,5515.7776227881695,"['降水量', '平均風速']",857.0
37,5511.069923270962,"['降水量', '平均蒸気圧']",591.0
38,5515.520659124966,"['降水量', '平均湿度']",836.0
39,5511.521297614782,"['降水量', '平均現地気圧']",598.0
40,5512.186022423167,"['日照時間', '降雪量']",634.0
41,5513.363996583362,"['日照時間', '平均風速']",670.0
42,5507.592291469193,"['日照時間', '平均蒸気圧']",534.0
43,5513.682475103784,"['日照時間', '平均湿度']",700.0
44,5509.708550700716,"['日照時間', '平均現地気圧']",568.0
45,5515.565059364208,"['降雪量', '平均風速']",842.0
46,5511.736007709615,"['降雪量', '平均蒸気圧']",608.0
47,5514.4422162944575,"['降雪量', '平均湿度']",760.0
48,5510.857910141087,"['降雪量', '平均現地気圧']",588.0
49,5512.509978491401,"['平均風速', '平均蒸気圧']",644.0
50,5515.829334081503,"['平均風速', '平均湿度']",862.0
51,5511.810193147897,"['平均風速', '平均現地気圧']",612.0
52,5505.059506891204,"['平均蒸気圧', '平均湿度']",494.0
53,5501.153975724949,"['平均蒸気圧', '平均現地気圧']",477.0
54,5511.84717647835,"['平均湿度', '平均現地気圧']",615.0
55,5511.4244324043875,"['平均気温', '最高気温', '最低気温']",596.0
56,5516.723530530702,"['平均気温', '最高気温', '降水量']",912.0
57,5514.9134181528625,"['平均気温', '最高気温', '日照時間']",777.0
58,5516.055360479268,"['平均気温', '最高気温', '降雪量']",875.0
59,5517.27395449093,"['平均気温', '最高気温', '平均風速']",945.0
60,5397.017479026078,"['平均気温', '最高気温', '平均蒸気圧']",404.0
61,5517.370899773027,"['平均気温', '最高気温', '平均湿度']",955.0
62,5513.339982990203,"['平均気温', '最高気温', '平均現地気圧']",668.0
63,5516.159519349223,"['平均気温', '最低気温', '降水量']",884.0
64,5507.424973474021,"['平均気温', '最低気温', '日照時間']",529.0
65,5516.582747764215,"['平均気温', '最低気温', '降雪量']",906.0
66,5517.6601424513165,"['平均気温', '最低気温', '平均風速']",973.0
67,5405.625827613726,"['平均気温', '最低気温', '平均蒸気圧']",414.0
68,5516.027823726239,"['平均気温', '最低気温', '平均湿度']",874.0
69,5513.241131104459,"['平均気温', '最低気温', '平均現地気圧']",664.0
70,5515.151008409947,"['平均気温', '降水量', '日照時間']",793.0
71,5515.2821403760945,"['平均気温', '降水量', '降雪量']",803.0
72,5517.056401391113,"['平均気温', '降水量', '平均風速']",926.0
73,5424.331250548061,"['平均気温', '降水量', '平均蒸気圧']",425.0
74,5517.055105976841,"['平均気温', '降水量', '平均湿度']",925.0
75,5513.511304687311,"['平均気温', '降水量', '平均現地気圧']",685.0
76,5513.784328122983,"['平均気温', '日照時間', '降雪量']",710.0
77,5514.314861056325,"['平均気温', '日照時間', '平均風速']",750.0
78,5341.798701399513,"['平均気温', '日照時間', '平均蒸気圧']",260.0
79,5513.817983831431,"['平均気温', '日照時間', '平均湿度']",715.0
80,5511.679730373814,"['平均気温', '日照時間', '平均現地気圧']",606.0
81,5516.919943152359,"['平均気温', '降雪量', '平均風速']",921.0
82,5443.7357554996315,"['平均気温', '降雪量', '平均蒸気圧']",432.0
83,5516.3077443590155,"['平均気温', '降雪量', '平均湿度']",890.0
84,5512.821705656353,"['平均気温', '降雪量', '平均現地気圧']",655.0
85,5428.85108652459,"['平均気温', '平均風速', '平均蒸気圧']",427.0
86,5517.48594637179,"['平均気温', '平均風速', '平均湿度']",966.0
87,5513.751082047707,"['平均気温', '平均風速', '平均現地気圧']",707.0
88,5256.715901505284,"['平均気温', '平均蒸気圧', '平均湿度']",127.0
89,5435.843528862735,"['平均気温', '平均蒸気圧', '平均現地気圧']",429.0
90,5513.792458907202,"['平均気温', '平均湿度', '平均現地気圧']",712.0
91,5517.304965122925,"['最高気温', '最低気温', '降水量']",949.0
92,5511.74003363441,"['最高気温', '最低気温', '日照時間']",610.0
93,5517.12393071942,"['最高気温', '最低気温', '降雪量']",929.0
94,5518.348822070591,"['最高気温', '最低気温', '平均風速']",992.0
95,5406.003542287158,"['最高気温', '最低気温', '平均蒸気圧']",415.0
96,5517.781491533658,"['最高気温', '最低気温', '平均湿度']",977.0
97,5513.871687371297,"['最高気温', '最低気温', '平均現地気圧']",720.0
98,5515.005922558578,"['最高気温', '降水量', '日照時間']",784.0
99,5515.455944736822,"['最高気温', '降水量', '降雪量']",825.0
100,5517.300584331721,"['最高気温', '降水量', '平均風速']",948.0
101,5478.289488980644,"['最高気温', '降水量', '平均蒸気圧']",441.0
102,5517.210816027526,"['最高気温', '降水量', '平均湿度']",940.0
103,5513.460113481673,"['最高気温', '降水量', '平均現地気圧']",679.0
104,5513.657102958535,"['最高気温', '日照時間', '降雪量']",697.0
105,5514.033775255144,"['最高気温', '日照時間', '平均風速']",733.0
106,5384.2056110741505,"['最高気温', '日照時間', '平均蒸気圧']",375.0
107,5513.570556015699,"['最高気温', '日照時間', '平均湿度']",690.0
108,5511.70374427848,"['最高気温', '日照時間', '平均現地気圧']",607.0
109,5517.243396125731,"['最高気温', '降雪量', '平均風速']",941.0
110,5489.131779289686,"['最高気温', '降雪量', '平均蒸気圧']",448.0
111,5516.375392138755,"['最高気温', '降雪量', '平均湿度']",898.0
112,5512.697656679776,"['最高気温', '降雪量', '平均現地気圧']",649.0
113,5482.755848157887,"['最高気温', '平均風速', '平均蒸気圧']",445.0
114,5517.595610188988,"['最高気温', '平均風速', '平均湿度']",972.0
115,5513.64396811443,"['最高気温', '平均風速', '平均現地気圧']",695.0
116,5369.512056359857,"['最高気温', '平均蒸気圧', '平均湿度']",339.0
117,5479.957992862197,"['最高気温', '平均蒸気圧', '平均現地気圧']",443.0
118,5513.714923175161,"['最高気温', '平均湿度', '平均現地気圧']",703.0
119,5515.600089792964,"['最低気温', '降水量', '日照時間']",845.0
120,5515.510193316403,"['最低気温', '降水量', '降雪量']",832.0
121,5517.376897655055,"['最低気温', '降水量', '平均風速']",957.0
122,5392.084970721934,"['最低気温', '降水量', '平均蒸気圧']",393.0
123,5517.347177689674,"['最低気温', '降水量', '平均湿度']",953.0
124,5513.4096874320685,"['最低気温', '降水量', '平均現地気圧']",675.0
125,5514.138101106578,"['最低気温', '日照時間', '降雪量']",742.0
126,5515.0666192848885,"['最低気温', '日照時間', '平均風速']",786.0
127,5384.157422455545,"['最低気温', '日照時間', '平均蒸気圧']",374.0
128,5514.918894534358,"['最低気温', '日照時間', '平均湿度']",778.0
129,5511.302779829389,"['最低気温', '日照時間', '平均現地気圧']",594.0
130,5517.130313318319,"['最低気温', '降雪量', '平均風速']",930.0
131,5406.109957108289,"['最低気温', '降雪量', '平均蒸気圧']",416.0
132,5516.434761030841,"['最低気温', '降雪量', '平均湿度']",900.0
133,5512.724634090275,"['最低気温', '降雪量', '平均現地気圧']",652.0
134,5380.191582210821,"['最低気温', '平均風速', '平均蒸気圧']",356.0
135,5517.748146487534,"['最低気温', '平均風速', '平均湿度']",975.0
136,5513.594140612527,"['最低気温', '平均風速', '平均現地気圧']",693.0
137,5333.473701480772,"['最低気温', '平均蒸気圧', '平均湿度']",216.0
138,5399.631628558693,"['最低気温', '平均蒸気圧', '平均現地気圧']",407.0
139,5513.57373592485,"['最低気温', '平均湿度', '平均現地気圧']",691.0
140,5513.518069006064,"['降水量', '日照時間', '降雪量']",688.0
141,5515.1568669708595,"['降水量', '日照時間', '平均風速']",794.0
142,5508.861063122349,"['降水量', '日照時間', '平均蒸気圧']",554.0
143,5515.1492204025135,"['降水量', '日照時間', '平均湿度']",792.0
144,5511.6753244772835,"['降水量', '日照時間', '平均現地気圧']",605.0
145,5515.701372544957,"['降水量', '降雪量', '平均風速']",851.0
146,5510.22130826325,"['降水量', '降雪量', '平均蒸気圧']",578.0
147,5515.398852629402,"['降水量', '降雪量', '平均湿度']",820.0
148,5512.0012803277405,"['降水量', '降雪量', '平均現地気圧']",624.0
149,5512.1640387893185,"['降水量', '平均風速', '平均蒸気圧']",633.0
150,5517.403792480504,"['降水量', '平均風速', '平均湿度']",959.0
151,5513.418150067643,"['降水量', '平均風速', '平均現地気圧']",676.0
152,5506.8732555131055,"['降水量', '平均蒸気圧', '平均湿度']",523.0
153,5501.895391993605,"['降水量', '平均蒸気圧', '平均現地気圧']",480.0
154,5513.515232320461,"['降水量', '平均湿度', '平均現地気圧']",687.0
155,5513.481407494937,"['日照時間', '降雪量', '平均風速']",680.0
156,5507.044036152796,"['日照時間', '降雪量', '平均蒸気圧']",528.0
157,5513.953690157035,"['日照時間', '降雪量', '平均湿度']",725.0
158,5510.237811681808,"['日照時間', '降雪量', '平均現地気圧']",579.0
159,5509.581405158683,"['日照時間', '平均風速', '平均蒸気圧']",564.0
160,5515.300421944212,"['日照時間', '平均風速', '平均湿度']",806.0
161,5511.511902131146,"['日照時間', '平均風速', '平均現地気圧']",597.0
162,5506.988282961866,"['日照時間', '平均蒸気圧', '平均湿度']",526.0
163,5496.597202736,"['日照時間', '平均蒸気圧', '平均現地気圧']",461.0
164,5510.154851215757,"['日照時間', '平均湿度', '平均現地気圧']",576.0
165,5512.712993321887,"['降雪量', '平均風速', '平均蒸気圧']",650.0
166,5516.066257348776,"['降雪量', '平均風速', '平均湿度']",877.0
167,5512.693909977629,"['降雪量', '平均風速', '平均現地気圧']",648.0
168,5503.307336491663,"['降雪量', '平均蒸気圧', '平均湿度']",481.0
169,5501.775765265023,"['降雪量', '平均蒸気圧', '平均現地気圧']",479.0
170,5512.624853322868,"['降雪量', '平均湿度', '平均現地気圧']",647.0
171,5506.5926694496575,"['平均風速', '平均蒸気圧', '平均湿度']",519.0
172,5498.093868653947,"['平均風速', '平均蒸気圧', '平均現地気圧']",469.0
173,5513.800272160127,"['平均風速', '平均湿度', '平均現地気圧']",714.0
174,5493.861138123325,"['平均蒸気圧', '平均湿度', '平均現地気圧']",450.0
175,5512.380005092292,"['平均気温', '最高気温', '最低気温', '降水量']",641.0
176,5507.837399605043,"['平均気温', '最高気温', '最低気温', '日照時間']",539.0
177,5512.11909037408,"['平均気温', '最高気温', '最低気温', '降雪量']",629.0
178,5512.999492279067,"['平均気温', '最高気温', '最低気温', '平均風速']",659.0
179,5396.365755331089,"['平均気温', '最高気温', '最低気温', '平均蒸気圧']",403.0
180,5512.992051588091,"['平均気温', '最高気温', '最低気温', '平均湿度']",658.0
181,5508.081449413402,"['平均気温', '最高気温', '最低気温', '平均現地気圧']",547.0
182,5516.664104469751,"['平均気温', '最高気温', '降水量', '日照時間']",909.0
183,5516.89795228618,"['平均気温', '最高気温', '降水量', '降雪量']",918.0
184,5518.6333660063165,"['平均気温', '最高気温', '降水量', '平均風速']",996.0
185,5384.291536419462,"['平均気温', '最高気温', '降水量', '平均蒸気圧']",376.0
186,5518.656929839504,"['平均気温', '最高気温', '降水量', '平均湿度']",998.0
187,5515.11949762184,"['平均気温', '最高気温', '降水量', '平均現地気圧']",790.0
188,5515.289364317997,"['平均気温', '最高気温', '日照時間', '降雪量']",804.0
189,5515.354763283194,"['平均気温', '最高気温', '日照時間', '平均風速']",812.0
190,5343.685433838334,"['平均気温', '最高気温', '日照時間', '平均蒸気圧']",267.0
191,5515.4187523030105,"['平均気温', '最高気温', '日照時間', '平均湿度']",821.0
192,5513.293343092244,"['平均気温', '最高気温', '日照時間', '平均現地気圧']",667.0
193,5517.982993100243,"['平均気温', '最高気温', '降雪量', '平均風速']",982.0
194,5399.016889416892,"['平均気温', '最高気温', '降雪量', '平均蒸気圧']",406.0
195,5517.99524609425,"['平均気温', '最高気温', '降雪量', '平均湿度']",983.0
196,5514.072325285056,"['平均気温', '最高気温', '降雪量', '平均現地気圧']",734.0
197,5384.626855986305,"['平均気温', '最高気温', '平均風速', '平均蒸気圧']",377.0
198,5519.206154195717,"['平均気温', '最高気温', '平均風速', '平均湿度']",1010.0
199,5515.277160128243,"['平均気温', '最高気温', '平均風速', '平均現地気圧']",802.0
200,5255.233116932544,"['平均気温', '最高気温', '平均蒸気圧', '平均湿度']",125.0
201,5390.163361510392,"['平均気温', '最高気温', '平均蒸気圧', '平均現地気圧']",387.0
202,5515.321576099839,"['平均気温', '最高気温', '平均湿度', '平均現地気圧']",809.0
203,5509.076619369019,"['平均気温', '最低気温', '降水量', '日照時間']",559.0
204,5516.374856049129,"['平均気温', '最低気温', '降水量', '降雪量']",897.0
205,5518.158274289744,"['平均気温', '最低気温', '降水量', '平均風速']",987.0
206,5391.177827101945,"['平均気温', '最低気温', '降水量', '平均蒸気圧']",390.0
207,5517.328935112273,"['平均気温', '最低気温', '降水量', '平均湿度']",951.0
208,5514.410343203518,"['平均気温', '最低気温', '降水量', '平均現地気圧']",756.0
209,5507.642922645677,"['平均気温', '最低気温', '日照時間', '降雪量']",536.0
210,5503.684523945405,"['平均気温', '最低気温', '日照時間', '平均風速']",482.0
211,5343.385846854705,"['平均気温', '最低気温', '日照時間', '平均蒸気圧']",265.0
212,5508.467222449494,"['平均気温', '最低気温', '日照時間', '平均湿度']",549.0
213,5505.010871745653,"['平均気温', '最低気温', '日照時間', '平均現地気圧']",493.0
214,5518.581543776911,"['平均気温', '最低気温', '降雪量', '平均風速']",995.0
215,5407.586526917263,"['平均気温', '最低気温', '降雪量', '平均蒸気圧']",418.0
216,5516.333285526017,"['平均気温', '最低気温', '降雪量', '平均湿度']",892.0
217,5514.225334292887,"['平均気温', '最低気温', '降雪量', '平均現地気圧']",748.0
218,5381.027080252989,"['平均気温', '最低気温', '平均風速', '平均蒸気圧']",363.0
219,5516.785537405314,"['平均気温', '最低気温', '平均風速', '平均湿度']",915.0
220,5514.898349456718,"['平均気温', '最低気温', '平均風速', '平均現地気圧']",775.0
221,5251.233490249343,"['平均気温', '最低気温', '平均蒸気圧', '平均湿度']",90.0
222,5401.189722838997,"['平均気温', '最低気温', '平均蒸気圧', '平均現地気圧']",408.0
223,5513.792324039954,"['平均気温', '最低気温', '平均湿度', '平均現地気圧']",711.0
224,5515.209627703757,"['平均気温', '降水量', '日照時間', '降雪量']",797.0
225,5516.193892397426,"['平均気温', '降水量', '日照時間', '平均風速']",886.0
226,5333.695988634376,"['平均気温', '降水量', '日照時間', '平均蒸気圧']",221.0
227,5515.03701868909,"['平均気温', '降水量', '日照時間', '平均湿度']",785.0
228,5513.64687833829,"['平均気温', '降水量', '日照時間', '平均現地気圧']",696.0
229,5517.274477711772,"['平均気温', '降水量', '降雪量', '平均風速']",946.0
230,5425.674595617297,"['平均気温', '降水量', '降雪量', '平均蒸気圧']",426.0
231,5517.196992378304,"['平均気温', '降水量', '降雪量', '平均湿度']",937.0
232,5513.952430771655,"['平均気温', '降水量', '降雪量', '平均現地気圧']",723.0
233,5406.7971400282395,"['平均気温', '降水量', '平均風速', '平均蒸気圧']",417.0
234,5518.958401539305,"['平均気温', '降水量', '平均風速', '平均湿度']",1002.0
235,5515.366362532816,"['平均気温', '降水量', '平均風速', '平均現地気圧']",813.0
236,5257.427195467419,"['平均気温', '降水量', '平均蒸気圧', '平均湿度']",128.0
237,5421.616827331831,"['平均気温', '降水量', '平均蒸気圧', '平均現地気圧']",423.0
238,5515.494669238054,"['平均気温', '降水量', '平均湿度', '平均現地気圧']",830.0
239,5514.720851908111,"['平均気温', '日照時間', '降雪量', '平均風速']",770.0
240,5343.743627196539,"['平均気温', '日照時間', '降雪量', '平均蒸気圧']",268.0
241,5514.667243822874,"['平均気温', '日照時間', '降雪量', '平均湿度']",767.0
242,5512.153502433443,"['平均気温', '日照時間', '降雪量', '平均現地気圧']",631.0
243,5343.168509347162,"['平均気温', '日照時間', '平均風速', '平均蒸気圧']",264.0
244,5515.422008806616,"['平均気温', '日照時間', '平均風速', '平均湿度']",823.0
245,5513.5118981263695,"['平均気温', '日照時間', '平均風速', '平均現地気圧']",686.0
246,5251.52669022415,"['平均気温', '日照時間', '平均蒸気圧', '平均湿度']",94.0
247,5336.322912860082,"['平均気温', '日照時間', '平均蒸気圧', '平均現地気圧']",242.0
248,5511.847863966228,"['平均気温', '日照時間', '平均湿度', '平均現地気圧']",616.0
249,5430.848362731808,"['平均気温', '降雪量', '平均風速', '平均蒸気圧']",428.0
250,5517.9432254348985,"['平均気温', '降雪量', '平均風速', '平均湿度']",979.0
251,5514.566331518062,"['平均気温', '降雪量', '平均風速', '平均現地気圧']",764.0
252,5255.075621779145,"['平均気温', '降雪量', '平均蒸気圧', '平均湿度']",124.0
253,5437.830325952988,"['平均気温', '降雪量', '平均蒸気圧', '平均現地気圧']",430.0
254,5514.454595074416,"['平均気温', '降雪量', '平均湿度', '平均現地気圧']",761.0
255,5251.647755124019,"['平均気温', '平均風速', '平均蒸気圧', '平均湿度']",97.0
256,5412.161088055938,"['平均気温', '平均風速', '平均蒸気圧', '平均現地気圧']",421.0
257,5515.7283476764815,"['平均気温', '平均風速', '平均湿度', '平均現地気圧']",852.0
258,5251.836574124346,"['平均気温', '平均蒸気圧', '平均湿度', '平均現地気圧']",101.0
259,5513.427761157645,"['最高気温', '最低気温', '降水量', '日照時間']",677.0
260,5517.454145104672,"['最高気温', '最低気温', '降水量', '降雪量']",962.0
261,5519.300566316253,"['最高気温', '最低気温', '降水量', '平均風速']",1014.0
262,5393.6832926359375,"['最高気温', '最低気温', '降水量', '平均蒸気圧']",399.0
263,5519.112845946291,"['最高気温', '最低気温', '降水量', '平均湿度']",1006.0
264,5515.394297775761,"['最高気温', '最低気温', '降水量', '平均現地気圧']",819.0
265,5511.986466366815,"['最高気温', '最低気温', '日照時間', '降雪量']",622.0
266,5510.365465761458,"['最高気温', '最低気温', '日照時間', '平均風速']",582.0
267,5352.474737697467,"['最高気温', '最低気温', '日照時間', '平均蒸気圧']",296.0
268,5512.755363885992,"['最高気温', '最低気温', '日照時間', '平均湿度']",653.0
269,5509.598206297666,"['最高気温', '最低気温', '日照時間', '平均現地気圧']",565.0
270,5519.123311103024,"['最高気温', '最低気温', '降雪量', '平均風速']",1007.0
271,5407.992562953287,"['最高気温', '最低気温', '降雪量', '平均蒸気圧']",420.0
272,5518.168447722706,"['最高気温', '最低気温', '降雪量', '平均湿度']",988.0
273,5514.6973794268115,"['最高気温', '最低気温', '降雪量', '平均現地気圧']",768.0
274,5382.0583318662075,"['最高気温', '最低気温', '平均風速', '平均蒸気圧']",367.0
275,5519.308792092709,"['最高気温', '最低気温', '平均風速', '平均湿度']",1015.0
276,5515.594057358383,"['最高気温', '最低気温', '平均風速', '平均現地気圧']",843.0
277,5265.445311395673,"['最高気温', '最低気温', '平均蒸気圧', '平均湿度']",154.0
278,5401.416738820971,"['最高気温', '最低気温', '平均蒸気圧', '平均現地気圧']",409.0
279,5515.462393790583,"['最高気温', '最低気温', '平均湿度', '平均現地気圧']",826.0
280,5515.092353921345,"['最高気温', '降水量', '日照時間', '降雪量']",789.0
281,5515.923077798991,"['最高気温', '降水量', '日照時間', '平均風速']",869.0
282,5379.3341109806925,"['最高気温', '降水量', '日照時間', '平均蒸気圧']",353.0
283,5514.773852908929,"['最高気温', '降水量', '日照時間', '平均湿度']",771.0
284,5513.670767317932,"['最高気温', '降水量', '日照時間', '平均現地気圧']",699.0
285,5517.455648146261,"['最高気温', '降水量', '降雪量', '平均風速']",963.0
286,5478.806726144954,"['最高気温', '降水量', '降雪量', '平均蒸気圧']",442.0
287,5517.28341698117,"['最高気温', '降水量', '降雪量', '平均湿度']",947.0
288,5513.863906915853,"['最高気温', '降水量', '降雪量', '平均現地気圧']",718.0
289,5471.421758169352,"['最高気温', '降水量', '平均風速', '平均蒸気圧']",437.0
290,5519.096297918158,"['最高気温', '降水量', '平均風速', '平均湿度']",1005.0
291,5515.292520529509,"['最高気温', '降水量', '平均風速', '平均現地気圧']",805.0
292,5370.898704627551,"['最高気温', '降水量', '平均蒸気圧', '平均湿度']",340.0
293,5473.551603260201,"['最高気温', '降水量', '平均蒸気圧', '平均現地気圧']",439.0
294,5515.438630743547,"['最高気温', '降水量', '平均湿度', '平均現地気圧']",824.0
295,5514.470169423232,"['最高気温', '日照時間', '降雪量', '平均風速']",763.0
296,5385.770324530378,"['最高気温', '日照時間', '降雪量', '平均蒸気圧']",381.0
297,5514.439762913827,"['最高気温', '日照時間', '降雪量', '平均湿度']",758.0
298,5512.203421723622,"['最高気温', '日照時間', '降雪量', '平均現地気圧']",635.0
299,5385.480286145149,"['最高気温', '日照時間', '平均風速', '平均蒸気圧']",379.0
300,5515.077709195722,"['最高気温', '日照時間', '平均風速', '平均湿度']",787.0
301,5513.496034145778,"['最高気温', '日照時間', '平均風速', '平均現地気圧']",683.0
302,5332.511778875625,"['最高気温', '日照時間', '平均蒸気圧', '平均湿度']",211.0
303,5378.795810409041,"['最高気温', '日照時間', '平均蒸気圧', '平均現地気圧']",350.0
304,5511.736528364662,"['最高気温', '日照時間', '平均湿度', '平均現地気圧']",609.0
305,5484.440291454534,"['最高気温', '降雪量', '平均風速', '平均蒸気圧']",446.0
306,5517.995459950572,"['最高気温', '降雪量', '平均風速', '平均湿度']",984.0
307,5514.405275943287,"['最高気温', '降雪量', '平均風速', '平均現地気圧']",755.0
308,5366.444665374705,"['最高気温', '降雪量', '平均蒸気圧', '平均湿度']",333.0
309,5481.731526658057,"['最高気温', '降雪量', '平均蒸気圧', '平均現地気圧']",444.0
310,5514.34681604399,"['最高気温', '降雪量', '平均湿度', '平均現地気圧']",752.0
311,5360.999977878218,"['最高気温', '平均風速', '平均蒸気圧', '平均湿度']",310.0
312,5467.536516436707,"['最高気温', '平均風速', '平均蒸気圧', '平均現地気圧']",435.0
313,5515.630861715784,"['最高気温', '平均風速', '平均湿度', '平均現地気圧']",846.0
314,5363.914492633918,"['最高気温', '平均蒸気圧', '平均湿度', '平均現地気圧']",323.0
315,5515.500019245009,"['最低気温', '降水量', '日照時間', '降雪量']",831.0
316,5516.905765488777,"['最低気温', '降水量', '日照時間', '平均風速']",920.0
317,5379.320252363226,"['最低気温', '降水量', '日照時間', '平均蒸気圧']",352.0
318,5516.235044086998,"['最低気温', '降水量', '日照時間', '平均湿度']",887.0
319,5513.269926668958,"['最低気温', '降水量', '日照時間', '平均現地気圧']",665.0
320,5517.508617901502,"['最低気温', '降水量', '降雪量', '平均風速']",970.0
321,5393.642495790039,"['最低気温', '降水量', '降雪量', '平均蒸気圧']",398.0
322,5517.371694304312,"['最低気温', '降水量', '降雪量', '平均湿度']",956.0
323,5513.797868610182,"['最低気温', '降水量', '降雪量', '平均現地気圧']",713.0
324,5364.318257011458,"['最低気温', '降水量', '平均風速', '平均蒸気圧']",326.0
325,5519.261097530276,"['最低気温', '降水量', '平均風速', '平均湿度']",1013.0
326,5515.179398354151,"['最低気温', '降水量', '平均風速', '平均現地気圧']",795.0
327,5334.64181019366,"['最低気温', '降水量', '平均蒸気圧', '平均湿度']",229.0
328,5389.88638241504,"['最低気温', '降水量', '平均蒸気圧', '平均現地気圧']",386.0
329,5515.324407394156,"['最低気温', '降水量', '平均湿度', '平均現地気圧']",810.0
330,5515.331724824493,"['最低気温', '日照時間', '降雪量', '平均風速']",811.0
331,5386.05350396047,"['最低気温', '日照時間', '降雪量', '平均蒸気圧']",382.0
332,5515.5590120877505,"['最低気温', '日照時間', '降雪量', '平均湿度']",841.0
333,5511.655575056007,"['最低気温', '日照時間', '降雪量', '平均現地気圧']",604.0
334,5373.524001012445,"['最低気温', '日照時間', '平均風速', '平均蒸気圧']",341.0
335,5516.6116873929195,"['最低気温', '日照時間', '平均風速', '平均湿度']",907.0
336,5513.236719143957,"['最低気温', '日照時間', '平均風速', '平均現地気圧']",662.0
337,5325.540761101428,"['最低気温', '日照時間', '平均蒸気圧', '平均湿度']",186.0
338,5379.009354122762,"['最低気温', '日照時間', '平均蒸気圧', '平均現地気圧']",351.0
339,5512.154532814291,"['最低気温', '日照時間', '平均湿度', '平均現地気圧']",632.0
340,5382.177179173011,"['最低気温', '降雪量', '平均風速', '平均蒸気圧']",369.0
341,5518.065667925801,"['最低気温', '降雪量', '平均風速', '平均湿度']",985.0
342,5514.380042167063,"['最低気温', '降雪量', '平均風速', '平均現地気圧']",754.0
343,5333.721953029178,"['最低気温', '降雪量', '平均蒸気圧', '平均湿度']",222.0
344,5401.595819801264,"['最低気温', '降雪量', '平均蒸気圧', '平均現地気圧']",410.0
345,5514.108402361842,"['最低気温', '降雪量', '平均湿度', '平均現地気圧']",739.0
346,5333.089074868828,"['最低気温', '平均風速', '平均蒸気圧', '平均湿度']",214.0
347,5362.161398349168,"['最低気温', '平均風速', '平均蒸気圧', '平均現地気圧']",315.0
348,5515.5118538277,"['最低気温', '平均風速', '平均湿度', '平均現地気圧']",834.0
349,5328.574210943316,"['最低気温', '平均蒸気圧', '平均湿度', '平均現地気圧']",197.0
350,5514.949402297842,"['降水量', '日照時間', '降雪量', '平均風速']",781.0
351,5507.581377242972,"['降水量', '日照時間', '降雪量', '平均蒸気圧']",533.0
352,5514.985198393379,"['降水量', '日照時間', '降雪量', '平均湿度']",783.0
353,5512.041108901278,"['降水量', '日照時間', '降雪量', '平均現地気圧']",626.0
354,5510.86031487556,"['降水量', '日照時間', '平均風速', '平均蒸気圧']",589.0
355,5516.956367295324,"['降水量', '日照時間', '平均風速', '平均湿度']",922.0
356,5513.490796407696,"['降水量', '日照時間', '平均風速', '平均現地気圧']",682.0
357,5508.798280979118,"['降水量', '日照時間', '平均蒸気圧', '平均湿度']",552.0
358,5498.4624288324385,"['降水量', '日照時間', '平均蒸気圧', '平均現地気圧']",471.0
359,5511.90939725763,"['降水量', '日照時間', '平均湿度', '平均現地気圧']",619.0
360,5511.126078586841,"['降水量', '降雪量', '平均風速', '平均蒸気圧']",592.0
361,5517.2684582526845,"['降水量', '降雪量', '平均風速', '平均湿度']",944.0
362,5513.900002919379,"['降水量', '降雪量', '平均風速', '平均現地気圧']",721.0
363,5504.724426861361,"['降水量', '降雪量', '平均蒸気圧', '平均湿度']",491.0
364,5501.699486409244,"['降水量', '降雪量', '平均蒸気圧', '平均現地気圧']",478.0
365,5513.980246241983,"['降水量', '降雪量', '平均湿度', '平均現地気圧']",727.0
366,5508.527238667973,"['降水量', '平均風速', '平均蒸気圧', '平均湿度']",551.0
367,5499.0082505580585,"['降水量', '平均風速', '平均蒸気圧', '平均現地気圧']",475.0
368,5515.377348767836,"['降水量', '平均風速', '平均湿度', '平均現地気圧']",816.0
369,5495.850312173144,"['降水量', '平均蒸気圧', '平均湿度', '平均現地気圧']",456.0
370,5509.033017037127,"['日照時間', '降雪量', '平均風速', '平均蒸気圧']",557.0
371,5515.463619646556,"['日照時間', '降雪量', '平均風速', '平均湿度']",827.0
372,5511.996333319124,"['日照時間', '降雪量', '平均風速', '平均現地気圧']",623.0
373,5505.287416839143,"['日照時間', '降雪量', '平均蒸気圧', '平均湿度']",496.0
374,5496.360716284286,"['日照時間', '降雪量', '平均蒸気圧', '平均現地気圧']",460.0
375,5510.938068190365,"['日照時間', '降雪量', '平均湿度', '平均現地気圧']",590.0
376,5508.5063736903985,"['日照時間', '平均風速', '平均蒸気圧', '平均湿度']",550.0
377,5497.044870067844,"['日照時間', '平均風速', '平均蒸気圧', '平均現地気圧']",463.0
378,5512.103735123769,"['日照時間', '平均風速', '平均湿度', '平均現地気圧']",628.0
379,5495.764698653241,"['日照時間', '平均蒸気圧', '平均湿度', '平均現地気圧']",455.0
380,5504.633551175905,"['降雪量', '平均風速', '平均蒸気圧', '平均湿度']",490.0
381,5498.471591999927,"['降雪量', '平均風速', '平均蒸気圧', '平均現地気圧']",472.0
382,5514.613659715862,"['降雪量', '平均風速', '平均湿度', '平均現地気圧']",765.0
383,5492.439657229301,"['降雪量', '平均蒸気圧', '平均湿度', '平均現地気圧']",449.0
384,5495.366791547153,"['平均風速', '平均蒸気圧', '平均湿度', '平均現地気圧']",454.0
385,5509.484000531875,"['平均気温', '最高気温', '最低気温', '降水量', '日照時間']",561.0
386,5512.435890687821,"['平均気温', '最高気温', '最低気温', '降水量', '降雪量']",643.0
387,5513.961150998248,"['平均気温', '最高気温', '最低気温', '降水量', '平均風速']",726.0
388,5383.526920322756,"['平均気温', '最高気温', '最低気温', '降水量', '平均蒸気圧']",372.0
389,5514.268562578889,"['平均気温', '最高気温', '最低気温', '降水量', '平均湿度']",749.0
390,5509.651262787755,"['平均気温', '最高気温', '最低気温', '降水量', '平均現地気圧']",567.0
391,5508.044646641183,"['平均気温', '最高気温', '最低気温', '日照時間', '降雪量']",545.0
392,5504.146294591855,"['平均気温', '最高気温', '最低気温', '日照時間', '平均風速']",487.0
393,5345.381741032653,"['平均気温', '最高気温', '最低気温', '日照時間', '平均蒸気圧']",275.0
394,5508.921797050038,"['平均気温', '最高気温', '最低気温', '日照時間', '平均湿度']",556.0
395,5504.89766192888,"['平均気温', '最高気温', '最低気温', '日照時間', '平均現地気圧']",492.0
396,5513.750447635746,"['平均気温', '最高気温', '最低気温', '降雪量', '平均風速']",706.0
397,5398.357902247411,"['平均気温', '最高気温', '最低気温', '降雪量', '平均蒸気圧']",405.0
398,5513.340026840501,"['平均気温', '最高気温', '最低気温', '降雪量', '平均湿度']",669.0
399,5508.833909132032,"['平均気温', '最高気温', '最低気温', '降雪量', '平均現地気圧']",553.0
400,5378.157008247991,"['平均気温', '最高気温', '最低気温', '平均風速', '平均蒸気圧']",348.0
401,5513.127816218177,"['平均気温', '最高気温', '最低気温', '平均風速', '平均湿度']",661.0
402,5510.079646713053,"['平均気温', '最高気温', '最低気温', '平均風速', '平均現地気圧']",574.0
403,5253.2101294758,"['平均気温', '最高気温', '最低気温', '平均蒸気圧', '平均湿度']",113.0
404,5390.322128213427,"['平均気温', '最高気温', '最低気温', '平均蒸気圧', '平均現地気圧']",388.0
405,5509.807675691895,"['平均気温', '最高気温', '最低気温', '平均湿度', '平均現地気圧']",569.0
406,5516.690268103715,"['平均気温', '最高気温', '降水量', '日照時間', '降雪量']",910.0
407,5517.24408743374,"['平均気温', '最高気温', '降水量', '日照時間', '平均風速']",942.0
408,5335.591260494013,"['平均気温', '最高気温', '降水量', '日照時間', '平均蒸気圧']",237.0
409,5516.630324840073,"['平均気温', '最高気温', '降水量', '日照時間', '平均湿度']",908.0
410,5515.254510399689,"['平均気温', '最高気温', '降水量', '日照時間', '平均現地気圧']",800.0
411,5518.839475938975,"['平均気温', '最高気温', '降水量', '降雪量', '平均風速']",1000.0
412,5385.751980790827,"['平均気温', '最高気温', '降水量', '降雪量', '平均蒸気圧']",380.0
413,5518.8870564615745,"['平均気温', '最高気温', '降水量', '降雪量', '平均湿度']",1001.0
414,5515.533599475942,"['平均気温', '最高気温', '降水量', '降雪量', '平均現地気圧']",839.0
415,5367.825471330804,"['平均気温', '最高気温', '降水量', '平均風速', '平均蒸気圧']",336.0
416,5520.624515131625,"['平均気温', '最高気温', '降水量', '平均風速', '平均湿度']",1020.0
417,5517.064015598801,"['平均気温', '最高気温', '降水量', '平均風速', '平均現地気圧']",927.0
418,5255.905663282838,"['平均気温', '最高気温', '降水量', '平均蒸気圧', '平均湿度']",126.0
419,5380.44019530203,"['平均気温', '最高気温', '降水量', '平均蒸気圧', '平均現地気圧']",359.0
420,5517.0219608680545,"['平均気温', '最高気温', '降水量', '平均湿度', '平均現地気圧']",923.0
421,5515.731687877817,"['平均気温', '最高気温', '日照時間', '降雪量', '平均風速']",853.0
422,5345.63320088601,"['平均気温', '最高気温', '日照時間', '降雪量', '平均蒸気圧']",276.0
423,5516.240364533297,"['平均気温', '最高気温', '日照時間', '降雪量', '平均湿度']",888.0
424,5513.747394041442,"['平均気温', '最高気温', '日照時間', '降雪量', '平均現地気圧']",705.0
425,5344.846291643977,"['平均気温', '最高気温', '日照時間', '平均風速', '平均蒸気圧']",272.0
426,5516.703023394162,"['平均気温', '最高気温', '日照時間', '平均風速', '平均湿度']",911.0
427,5514.924035948661,"['平均気温', '最高気温', '日照時間', '平均風速', '平均現地気圧']",780.0
428,5253.365998712274,"['平均気温', '最高気温', '日照時間', '平均蒸気圧', '平均湿度']",115.0
429,5338.12462335906,"['平均気温', '最高気温', '日照時間', '平均蒸気圧', '平均現地気圧']",251.0
430,5513.53640311152,"['平均気温', '最高気温', '日照時間', '平均湿度', '平均現地気圧']",689.0
431,5386.626515394599,"['平均気温', '最高気温', '降雪量', '平均風速', '平均蒸気圧']",383.0
432,5519.747185177433,"['平均気温', '最高気温', '降雪量', '平均風速', '平均湿度']",1019.0
433,5515.986513980812,"['平均気温', '最高気温', '降雪量', '平均風速', '平均現地気圧']",872.0
434,5253.94148503695,"['平均気温', '最高気温', '降雪量', '平均蒸気圧', '平均湿度']",122.0
435,5392.156326010525,"['平均気温', '最高気温', '降雪量', '平均蒸気圧', '平均現地気圧']",394.0
436,5516.067645336782,"['平均気温', '最高気温', '降雪量', '平均湿度', '平均現地気圧']",878.0
437,5251.7645658777155,"['平均気温', '最高気温', '平均風速', '平均蒸気圧', '平均湿度']",99.0
438,5366.531781725672,"['平均気温', '最高気温', '平均風速', '平均蒸気圧', '平均現地気圧']",334.0
439,5517.14062775081,"['平均気温', '最高気温', '平均風速', '平均湿度', '平均現地気圧']",932.0
440,5249.996829713202,"['平均気温', '最高気温', '平均蒸気圧', '平均湿度', '平均現地気圧']",70.0
441,5508.867353477899,"['平均気温', '最低気温', '降水量', '日照時間', '降雪量']",555.0
442,5505.609532975529,"['平均気温', '最低気温', '降水量', '日照時間', '平均風速']",499.0
443,5335.216250170837,"['平均気温', '最低気温', '降水量', '日照時間', '平均蒸気圧']",234.0
444,5509.643266707988,"['平均気温', '最低気温', '降水量', '日照時間', '平均湿度']",566.0
445,5506.941961192541,"['平均気温', '最低気温', '降水量', '日照時間', '平均現地気圧']",525.0
446,5518.374158717664,"['平均気温', '最低気温', '降水量', '降雪量', '平均風速']",993.0
447,5392.810366770423,"['平均気温', '最低気温', '降水量', '降雪量', '平均蒸気圧']",396.0
448,5517.197787462147,"['平均気温', '最低気温', '降水量', '降雪量', '平均湿度']",938.0
449,5514.8697605824555,"['平均気温', '最低気温', '降水量', '降雪量', '平均現地気圧']",773.0
450,5361.233771376963,"['平均気温', '最低気温', '降水量', '平均風速', '平均蒸気圧']",312.0
451,5518.500462805383,"['平均気温', '最低気温', '降水量', '平均風速', '平均湿度']",994.0
452,5516.1290399999225,"['平均気温', '最低気温', '降水量', '平均風速', '平均現地気圧']",882.0
453,5251.890675248471,"['平均気温', '最低気温', '降水量', '平均蒸気圧', '平均湿度']",103.0
454,5389.339740247079,"['平均気温', '最低気温', '降水量', '平均蒸気圧', '平均現地気圧']",385.0
455,5515.5110544804975,"['平均気温', '最低気温', '降水量', '平均湿度', '平均現地気圧']",833.0
456,5503.855599936585,"['平均気温', '最低気温', '日照時間', '降雪量', '平均風速']",484.0
457,5345.343909873016,"['平均気温', '最低気温', '日照時間', '降雪量', '平均蒸気圧']",274.0
458,5509.060024674897,"['平均気温', '最低気温', '日照時間', '降雪量', '平均湿度']",558.0
459,5505.308734206939,"['平均気温', '最低気温', '日照時間', '降雪量', '平均現地気圧']",497.0
460,5343.862271888276,"['平均気温', '最低気温', '日照時間', '平均風速', '平均蒸気圧']",269.0
461,5505.678381370002,"['平均気温', '最低気温', '日照時間', '平均風速', '平均湿度']",500.0
462,5503.830525093568,"['平均気温', '最低気温', '日照時間', '平均風速', '平均現地気圧']",483.0
463,5251.038954811491,"['平均気温', '最低気温', '日照時間', '平均蒸気圧', '平均湿度']",88.0
464,5338.059239444167,"['平均気温', '最低気温', '日照時間', '平均蒸気圧', '平均現地気圧']",250.0
465,5505.853198723205,"['平均気温', '最低気温', '日照時間', '平均湿度', '平均現地気圧']",505.0
466,5382.98158764045,"['平均気温', '最低気温', '降雪量', '平均風速', '平均蒸気圧']",371.0
467,5516.77188256658,"['平均気温', '最低気温', '降雪量', '平均風速', '平均湿度']",913.0
468,5515.824814326308,"['平均気温', '最低気温', '降雪量', '平均風速', '平均現地気圧']",861.0
469,5250.191878667951,"['平均気温', '最低気温', '降雪量', '平均蒸気圧', '平均湿度']",78.0
470,5403.128764222668,"['平均気温', '最低気温', '降雪量', '平均蒸気圧', '平均現地気圧']",411.0
471,5514.2103683966325,"['平均気温', '最低気温', '降雪量', '平均湿度', '平均現地気圧']",747.0
472,5250.051793021307,"['平均気温', '最低気温', '平均風速', '平均蒸気圧', '平均湿度']",72.0
473,5362.929046415873,"['平均気温', '最低気温', '平均風速', '平均蒸気圧', '平均現地気圧']",319.0
474,5515.681787133864,"['平均気温', '最低気温', '平均風速', '平均湿度', '平均現地気圧']",850.0
475,5246.892276613793,"['平均気温', '最低気温', '平均蒸気圧', '平均湿度', '平均現地気圧']",26.0
476,5516.336704254869,"['平均気温', '降水量', '日照時間', '降雪量', '平均風速']",893.0
477,5334.954932238268,"['平均気温', '降水量', '日照時間', '降雪量', '平均蒸気圧']",232.0
478,5515.513563806442,"['平均気温', '降水量', '日照時間', '降雪量', '平均湿度']",835.0
479,5513.952953344893,"['平均気温', '降水量', '日照時間', '降雪量', '平均現地気圧']",724.0
480,5333.870374869779,"['平均気温', '降水量', '日照時間', '平均風速', '平均蒸気圧']",224.0
481,5516.87082537877,"['平均気温', '降水量', '日照時間', '平均風速', '平均湿度']",917.0
482,5515.490759286435,"['平均気温', '降水量', '日照時間', '平均風速', '平均現地気圧']",829.0
483,5252.08949100623,"['平均気温', '降水量', '日照時間', '平均蒸気圧', '平均湿度']",106.0
484,5330.472892590994,"['平均気温', '降水量', '日照時間', '平均蒸気圧', '平均現地気圧']",205.0
485,5513.500610983239,"['平均気温', '降水量', '日照時間', '平均湿度', '平均現地気圧']",684.0
486,5407.94369263812,"['平均気温', '降水量', '降雪量', '平均風速', '平均蒸気圧']",419.0
487,5519.081609074062,"['平均気温', '降水量', '降雪量', '平均風速', '平均湿度']",1003.0
488,5515.772910723605,"['平均気温', '降水量', '降雪量', '平均風速', '平均現地気圧']",856.0
489,5254.902364186482,"['平均気温', '降水量', '降雪量', '平均蒸気圧', '平均湿度']",123.0
490,5423.125480114034,"['平均気温', '降水量', '降雪量', '平均蒸気圧', '平均現地気圧']",424.0
491,5515.885671951068,"['平均気温', '降水量', '降雪量', '平均湿度', '平均現地気圧']",866.0
492,5253.454544697036,"['平均気温', '降水量', '平均風速', '平均蒸気圧', '平均湿度']",116.0
493,5394.568780725253,"['平均気温', '降水量', '平均風速', '平均蒸気圧', '平均現地気圧']",400.0
494,5517.342967960323,"['平均気温', '降水量', '平均風速', '平均湿度', '平均現地気圧']",952.0
495,5253.27249953424,"['平均気温', '降水量', '平均蒸気圧', '平均湿度', '平均現地気圧']",114.0
496,5345.1162540242385,"['平均気温', '日照時間', '降雪量', '平均風速', '平均蒸気圧']",273.0
497,5516.182998168382,"['平均気温', '日照時間', '降雪量', '平均風速', '平均湿度']",885.0
498,5513.983447093663,"['平均気温', '日照時間', '降雪量', '平均風速', '平均現地気圧']",729.0
499,5250.507043889974,"['平均気温', '日照時間', '降雪量', '平均蒸気圧', '平均湿度']",83.0
500,5338.290810217836,"['平均気温', '日照時間', '降雪量', '平均蒸気圧', '平均現地気圧']",253.0
501,5512.80039809974,"['平均気温', '日照時間', '降雪量', '平均湿度', '平均現地気圧']",654.0
502,5245.544867289804,"['平均気温', '日照時間', '平均風速', '平均蒸気圧', '平均湿度']",8.0
503,5334.826657061219,"['平均気温', '日照時間', '平均風速', '平均蒸気圧', '平均現地気圧']",230.0
504,5513.82777478173,"['平均気温', '日照時間', '平均風速', '平均湿度', '平均現地気圧']",716.0
505,5246.584388904809,"['平均気温', '日照時間', '平均蒸気圧', '平均湿度', '平均現地気圧']",20.0
506,5249.2181619713365,"['平均気温', '降雪量', '平均風速', '平均蒸気圧', '平均湿度']",60.0
507,5414.140924179598,"['平均気温', '降雪量', '平均風速', '平均蒸気圧', '平均現地気圧']",422.0
508,5516.428509546108,"['平均気温', '降雪量', '平均風速', '平均湿度', '平均現地気圧']",899.0
509,5250.406282512001,"['平均気温', '降雪量', '平均蒸気圧', '平均湿度', '平均現地気圧']",82.0
510,5250.596885861084,"['平均気温', '平均風速', '平均蒸気圧', '平均湿度', '平均現地気圧']",84.0
511,5513.270423830808,"['最高気温', '最低気温', '降水量', '日照時間', '降雪量']",666.0
512,5512.265086760798,"['最高気温', '最低気温', '降水量', '日照時間', '平均風速']",637.0
513,5344.792941351012,"['最高気温', '最低気温', '降水量', '日照時間', '平均蒸気圧']",271.0
514,5513.982373263465,"['最高気温', '最低気温', '降水量', '日照時間', '平均湿度']",728.0
515,5511.540970348398,"['最高気温', '最低気温', '降水量', '日照時間', '平均現地気圧']",600.0
516,5519.454089861073,"['最高気温', '最低気温', '降水量', '降雪量', '平均風速']",1017.0
517,5395.272949569181,"['最高気温', '最低気温', '降水量', '降雪量', '平均蒸気圧']",401.0
518,5519.083613254917,"['最高気温', '最低気温', '降水量', '降雪量', '平均湿度']",1004.0
519,5515.791234207138,"['最高気温', '最低気温', '降水量', '降雪量', '平均現地気圧']",858.0
520,5363.8011056826435,"['最高気温', '最低気温', '降水量', '平均風速', '平均蒸気圧']",322.0
521,5520.889420792176,"['最高気温', '最低気温', '降水量', '平均風速', '平均湿度']",1023.0
522,5517.145917061625,"['最高気温', '最低気温', '降水量', '平均風速', '平均現地気圧']",933.0
523,5266.235754940383,"['最高気温', '最低気温', '降水量', '平均蒸気圧', '平均湿度']",158.0
524,5391.668401724739,"['最高気温', '最低気温', '降水量', '平均蒸気圧', '平均現地気圧']",392.0
525,5517.204731048907,"['最高気温', '最低気温', '降水量', '平均湿度', '平均現地気圧']",939.0
526,5510.583430819494,"['最高気温', '最低気温', '日照時間', '降雪量', '平均風速']",586.0
527,5354.436248780592,"['最高気温', '最低気温', '日照時間', '降雪量', '平均蒸気圧']",299.0
528,5513.379312408152,"['最高気温', '最低気温', '日照時間', '降雪量', '平均湿度']",672.0
529,5509.922525633325,"['最高気温', '最低気温', '日照時間', '降雪量', '平均現地気圧']",571.0
530,5351.178003931412,"['最高気温', '最低気温', '日照時間', '平均風速', '平均蒸気圧']",292.0
531,5512.311259733155,"['最高気温', '最低気温', '日照時間', '平均風速', '平均湿度']",639.0
532,5510.165868622328,"['最高気温', '最低気温', '日照時間', '平均風速', '平均現地気圧']",577.0
533,5263.806090469718,"['最高気温', '最低気温', '日照時間', '平均蒸気圧', '平均湿度']",145.0
534,5348.38965995778,"['最高気温', '最低気温', '日照時間', '平均蒸気圧', '平均現地気圧']",286.0
535,5510.419425905946,"['最高気温', '最低気温', '日照時間', '平均湿度', '平均現地気圧']",583.0
536,5384.034535857227,"['最高気温', '最低気温', '降雪量', '平均風速', '平均蒸気圧']",373.0
537,5519.510776305849,"['最高気温', '最低気温', '降雪量', '平均風速', '平均湿度']",1018.0
538,5516.372189747604,"['最高気温', '最低気温', '降雪量', '平均風速', '平均現地気圧']",896.0
539,5264.53076291174,"['最高気温', '最低気温', '降雪量', '平均蒸気圧', '平均湿度']",149.0
540,5403.394907459101,"['最高気温', '最低気温', '降雪量', '平均蒸気圧', '平均現地気圧']",412.0
541,5515.966057760576,"['最高気温', '最低気温', '降雪量', '平均湿度', '平均現地気圧']",870.0
542,5266.821581687699,"['最高気温', '最低気温', '平均風速', '平均蒸気圧', '平均湿度']",159.0
543,5364.016321685548,"['最高気温', '最低気温', '平均風速', '平均蒸気圧', '平均現地気圧']",324.0
544,5517.443171030577,"['最高気温', '最低気温', '平均風速', '平均湿度', '平均現地気圧']",961.0
545,5262.553310520449,"['最高気温', '最低気温', '平均蒸気圧', '平均湿度', '平均現地気圧']",136.0
546,5516.108328577843,"['最高気温', '降水量', '日照時間', '降雪量', '平均風速']",881.0
547,5379.89950947588,"['最高気温', '降水量', '日照時間', '降雪量', '平均蒸気圧']",354.0
548,5515.268519933256,"['最高気温', '降水量', '日照時間', '降雪量', '平均湿度']",801.0
549,5514.005056099522,"['最高気温', '降水量', '日照時間', '降雪量', '平均現地気圧']",731.0
550,5381.107502396042,"['最高気温', '降水量', '日照時間', '平均風速', '平均蒸気圧']",364.0
551,5516.539027285418,"['最高気温', '降水量', '日照時間', '平均風速', '平均湿度']",904.0
552,5515.475913655631,"['最高気温', '降水量', '日照時間', '平均風速', '平均現地気圧']",828.0
553,5333.520739315501,"['最高気温', '降水量', '日照時間', '平均蒸気圧', '平均湿度']",217.0
554,5375.784621435672,"['最高気温', '降水量', '日照時間', '平均蒸気圧', '平均現地気圧']",343.0
555,5513.37212463883,"['最高気温', '降水量', '日照時間', '平均湿度', '平均現地気圧']",671.0
556,5471.699085061369,"['最高気温', '降水量', '降雪量', '平均風速', '平均蒸気圧']",438.0
557,5519.155044705463,"['最高気温', '降水量', '降雪量', '平均風速', '平均湿度']",1009.0
558,5515.66687678825,"['最高気温', '降水量', '降雪量', '平均風速', '平均現地気圧']",849.0
559,5367.061095237285,"['最高気温', '降水量', '降雪量', '平均蒸気圧', '平均湿度']",335.0
560,5474.3782060756685,"['最高気温', '降水量', '降雪量', '平均蒸気圧', '平均現地気圧']",440.0
561,5515.800332767362,"['最高気温', '降水量', '降雪量', '平均湿度', '平均現地気圧']",859.0
562,5362.990095748896,"['最高気温', '降水量', '平均風速', '平均蒸気圧', '平均湿度']",320.0
563,5459.532808532789,"['最高気温', '降水量', '平均風速', '平均蒸気圧', '平均現地気圧']",433.0
564,5517.262718524857,"['最高気温', '降水量', '平均風速', '平均湿度', '平均現地気圧']",943.0
565,5365.773825916033,"['最高気温', '降水量', '平均蒸気圧', '平均湿度', '平均現地気圧']",331.0
566,5387.050704053412,"['最高気温', '日照時間', '降雪量', '平均風速', '平均蒸気圧']",384.0
567,5515.865123620607,"['最高気温', '日照時間', '降雪量', '平均風速', '平均湿度']",865.0
568,5513.995958188177,"['最高気温', '日照時間', '降雪量', '平均風速', '平均現地気圧']",730.0
569,5330.916198720957,"['最高気温', '日照時間', '降雪量', '平均蒸気圧', '平均湿度']",206.0
570,5380.431952237744,"['最高気温', '日照時間', '降雪量', '平均蒸気圧', '平均現地気圧']",358.0
571,5512.715250952916,"['最高気温', '日照時間', '降雪量', '平均湿度', '平均現地気圧']",651.0
572,5316.17483647317,"['最高気温', '日照時間', '平均風速', '平均蒸気圧', '平均湿度']",168.0
573,5380.7771325830145,"['最高気温', '日照時間', '平均風速', '平均蒸気圧', '平均現地気圧']",361.0
574,5513.728192373581,"['最高気温', '日照時間', '平均風速', '平均湿度', '平均現地気圧']",704.0
575,5327.640117052097,"['最高気温', '日照時間', '平均蒸気圧', '平均湿度', '平均現地気圧']",194.0
576,5356.679845131499,"['最高気温', '降雪量', '平均風速', '平均蒸気圧', '平均湿度']",302.0
577,5469.302881042,"['最高気温', '降雪量', '平均風速', '平均蒸気圧', '平均現地気圧']",436.0
578,5516.3061444342775,"['最高気温', '降雪量', '平均風速', '平均湿度', '平均現地気圧']",889.0
579,5361.145605377905,"['最高気温', '降雪量', '平均蒸気圧', '平均湿度', '平均現地気圧']",311.0
580,5360.403589009197,"['最高気温', '平均風速', '平均蒸気圧', '平均湿度', '平均現地気圧']",309.0
581,5516.862048109153,"['最低気温', '降水量', '日照時間', '降雪量', '平均風速']",916.0
582,5380.6139457572335,"['最低気温', '降水量', '日照時間', '降雪量', '平均蒸気圧']",360.0
583,5516.49313255387,"['最低気温', '降水量', '日照時間', '降雪量', '平均湿度']",903.0
584,5513.445148880146,"['最低気温', '降水量', '日照時間', '降雪量', '平均現地気圧']",678.0
585,5363.526046870107,"['最低気温', '降水量', '日照時間', '平均風速', '平均蒸気圧']",321.0
586,5518.120541114891,"['最低気温', '降水量', '日照時間', '平均風速', '平均湿度']",986.0
587,5515.211400779191,"['最低気温', '降水量', '日照時間', '平均風速', '平均現地気圧']",798.0
588,5326.746786333983,"['最低気温', '降水量', '日照時間', '平均蒸気圧', '平均湿度']",190.0
589,5376.002253117983,"['最低気温', '降水量', '日照時間', '平均蒸気圧', '平均現地気圧']",344.0
590,5513.9003678755835,"['最低気温', '降水量', '日照時間', '平均湿度', '平均現地気圧']",722.0
591,5365.692559925763,"['最低気温', '降水量', '降雪量', '平均風速', '平均蒸気圧']",330.0
592,5519.25398175251,"['最低気温', '降水量', '降雪量', '平均風速', '平均湿度']",1012.0
593,5515.522665352292,"['最低気温', '降水量', '降雪量', '平均風速', '平均現地気圧']",837.0
594,5334.408569342439,"['最低気温', '降水量', '降雪量', '平均蒸気圧', '平均湿度']",227.0
595,5391.571931096915,"['最低気温', '降水量', '降雪量', '平均蒸気圧', '平均現地気圧']",391.0
596,5515.597473155386,"['最低気温', '降水量', '降雪量', '平均湿度', '平均現地気圧']",844.0
597,5333.117831870256,"['最低気温', '降水量', '平均風速', '平均蒸気圧', '平均湿度']",215.0
598,5350.183273780449,"['最低気温', '降水量', '平均風速', '平均蒸気圧', '平均現地気圧']",289.0
599,5517.179178921589,"['最低気温', '降水量', '平均風速', '平均湿度', '平均現地気圧']",935.0
600,5330.299796766123,"['最低気温', '降水量', '平均蒸気圧', '平均湿度', '平均現地気圧']",203.0
601,5375.48838763988,"['最低気温', '日照時間', '降雪量', '平均風速', '平均蒸気圧']",342.0
602,5517.140598242299,"['最低気温', '日照時間', '降雪量', '平均風速', '平均湿度']",931.0
603,5513.5840183927185,"['最低気温', '日照時間', '降雪量', '平均風速', '平均現地気圧']",692.0
604,5325.284109190055,"['最低気温', '日照時間', '降雪量', '平均蒸気圧', '平均湿度']",185.0
605,5380.934253315604,"['最低気温', '日照時間', '降雪量', '平均蒸気圧', '平均現地気圧']",362.0
606,5512.9063019586465,"['最低気温', '日照時間', '降雪量', '平均湿度', '平均現地気圧']",656.0
607,5324.2263057683085,"['最低気温', '日照時間', '平均風速', '平均蒸気圧', '平均湿度']",181.0
608,5358.193839997365,"['最低気温', '日照時間', '平均風速', '平均蒸気圧', '平均現地気圧']",303.0
609,5514.1037200361625,"['最低気温', '日照時間', '平均風速', '平均湿度', '平均現地気圧']",738.0
610,5321.14155983584,"['最低気温', '日照時間', '平均蒸気圧', '平均湿度', '平均現地気圧']",174.0
611,5333.635791378615,"['最低気温', '降雪量', '平均風速', '平均蒸気圧', '平均湿度']",220.0
612,5364.116172308362,"['最低気温', '降雪量', '平均風速', '平均蒸気圧', '平均現地気圧']",325.0
613,5516.08935398918,"['最低気温', '降雪量', '平均風速', '平均湿度', '平均現地気圧']",880.0
614,5328.952251575816,"['最低気温', '降雪量', '平均蒸気圧', '平均湿度', '平均現地気圧']",199.0
615,5323.4038536510925,"['最低気温', '平均風速', '平均蒸気圧', '平均湿度', '平均現地気圧']",177.0
616,5509.574007881226,"['降水量', '日照時間', '降雪量', '平均風速', '平均蒸気圧']",563.0
617,5516.774057787441,"['降水量', '日照時間', '降雪量', '平均風速', '平均湿度']",914.0
618,5513.83124541767,"['降水量', '日照時間', '降雪量', '平均風速', '平均現地気圧']",717.0
619,5506.703351804323,"['降水量', '日照時間', '降雪量', '平均蒸気圧', '平均湿度']",521.0
620,5497.871431708384,"['降水量', '日照時間', '降雪量', '平均蒸気圧', '平均現地気圧']",467.0
621,5512.419032801238,"['降水量', '日照時間', '降雪量', '平均湿度', '平均現地気圧']",642.0
622,5510.4400932945,"['降水量', '日照時間', '平均風速', '平均蒸気圧', '平均湿度']",584.0
623,5498.782364356549,"['降水量', '日照時間', '平均風速', '平均蒸気圧', '平均現地気圧']",474.0
624,5513.779464675199,"['降水量', '日照時間', '平均風速', '平均湿度', '平均現地気圧']",708.0
625,5497.7547801898445,"['降水量', '日照時間', '平均蒸気圧', '平均湿度', '平均現地気圧']",466.0
626,5506.312169484578,"['降水量', '降雪量', '平均風速', '平均蒸気圧', '平均湿度']",516.0
627,5498.56439311579,"['降水量', '降雪量', '平均風速', '平均蒸気圧', '平均現地気圧']",473.0
628,5515.888666100472,"['降水量', '降雪量', '平均風速', '平均湿度', '平均現地気圧']",867.0
629,5494.392935911142,"['降水量', '降雪量', '平均蒸気圧', '平均湿度', '平均現地気圧']",452.0
630,5497.362725130195,"['降水量', '平均風速', '平均蒸気圧', '平均湿度', '平均現地気圧']",465.0
631,5506.6047668990095,"['日照時間', '降雪量', '平均風速', '平均蒸気圧', '平均湿度']",520.0
632,5496.84892515861,"['日照時間', '降雪量', '平均風速', '平均蒸気圧', '平均現地気圧']",462.0
633,5512.924702580425,"['日照時間', '降雪量', '平均風速', '平均湿度', '平均現地気圧']",657.0
634,5494.403544662068,"['日照時間', '降雪量', '平均蒸気圧', '平均湿度', '平均現地気圧']",453.0
635,5497.285805126888,"['日照時間', '平均風速', '平均蒸気圧', '平均湿度', '平均現地気圧']",464.0
636,5494.139265611756,"['降雪量', '平均風速', '平均蒸気圧', '平均湿度', '平均現地気圧']",451.0
637,5509.259878415415,"['平均気温', '最高気温', '最低気温', '降水量', '日照時間', '降雪量']",560.0
638,5506.068199305932,"['平均気温', '最高気温', '最低気温', '降水量', '日照時間', '平均風速']",512.0
639,5337.202247510958,"['平均気温', '最高気温', '最低気温', '降水量', '日照時間', '平均蒸気圧']",248.0
640,5510.1015853371255,"['平均気温', '最高気温', '最低気温', '降水量', '日照時間', '平均湿度']",575.0
641,5506.836801041357,"['平均気温', '最高気温', '最低気温', '降水量', '日照時間', '平均現地気圧']",522.0
642,5514.087992650345,"['平均気温', '最高気温', '最低気温', '降水量', '降雪量', '平均風速']",736.0
643,5385.07653718945,"['平均気温', '最高気温', '最低気温', '降水量', '降雪量', '平均蒸気圧']",378.0
644,5514.178818205256,"['平均気温', '最高気温', '最低気温', '降水量', '降雪量', '平均湿度']",744.0
645,5509.981356417364,"['平均気温', '最高気温', '最低気温', '降水量', '降雪量', '平均現地気圧']",573.0
646,5360.048918854513,"['平均気温', '最高気温', '最低気温', '降水量', '平均風速', '平均蒸気圧']",307.0
647,5514.90565109514,"['平均気温', '最高気温', '最低気温', '降水量', '平均風速', '平均湿度']",776.0
648,5511.646517753066,"['平均気温', '最高気温', '最低気温', '降水量', '平均風速', '平均現地気圧']",602.0
649,5253.868750007353,"['平均気温', '最高気温', '最低気温', '降水量', '平均蒸気圧', '平均湿度']",120.0
650,5380.372301300428,"['平均気温', '最高気温', '最低気温', '降水量', '平均蒸気圧', '平均現地気圧']",357.0
651,5511.546079386729,"['平均気温', '最高気温', '最低気温', '降水量', '平均湿度', '平均現地気圧']",601.0
652,5504.306839271471,"['平均気温', '最高気温', '最低気温', '日照時間', '降雪量', '平均風速']",489.0
653,5347.3401244343395,"['平均気温', '最高気温', '最低気温', '日照時間', '降雪量', '平均蒸気圧']",282.0
654,5509.496162881752,"['平均気温', '最高気温', '最低気温', '日照時間', '降雪量', '平均湿度']",562.0
655,5505.188301583482,"['平均気温', '最高気温', '最低気温', '日照時間', '降雪量', '平均現地気圧']",495.0
656,5345.854063313095,"['平均気温', '最高気温', '最低気温', '日照時間', '平均風速', '平均蒸気圧']",278.0
657,5506.136808905352,"['平均気温', '最高気温', '最低気温', '日照時間', '平均風速', '平均湿度']",513.0
658,5503.9242167209395,"['平均気温', '最高気温', '最低気温', '日照時間', '平均風速', '平均現地気圧']",485.0
659,5252.554029997025,"['平均気温', '最高気温', '最低気温', '日照時間', '平均蒸気圧', '平均湿度']",111.0
660,5340.030868580336,"['平均気温', '最高気温', '最低気温', '日照時間', '平均蒸気圧', '平均現地気圧']",255.0
661,5505.78120264604,"['平均気温', '最高気温', '最低気温', '日照時間', '平均湿度', '平均現地気圧']",503.0
662,5380.138058884245,"['平均気温', '最高気温', '最低気温', '降雪量', '平均風速', '平均蒸気圧']",355.0
663,5513.0909974206725,"['平均気温', '最高気温', '最低気温', '降雪量', '平均風速', '平均湿度']",660.0
664,5510.833909129593,"['平均気温', '最高気温', '最低気温', '降雪量', '平均風速', '平均現地気圧']",587.0
665,5252.162460533466,"['平均気温', '最高気温', '最低気温', '降雪量', '平均蒸気圧', '平均湿度']",108.0
666,5392.303841163638,"['平均気温', '最高気温', '最低気温', '降雪量', '平均蒸気圧', '平均現地気圧']",395.0
667,5510.282650802912,"['平均気温', '最高気温', '最低気温', '降雪量', '平均湿度', '平均現地気圧']",581.0
668,5252.050694107017,"['平均気温', '最高気温', '最低気温', '平均風速', '平均蒸気圧', '平均湿度']",105.0
669,5359.8543357150675,"['平均気温', '最高気温', '最低気温', '平均風速', '平均蒸気圧', '平均現地気圧']",306.0
670,5511.531640043678,"['平均気温', '最高気温', '最低気温', '平均風速', '平均湿度', '平均現地気圧']",599.0
671,5248.886287251146,"['平均気温', '最高気温', '最低気温', '平均蒸気圧', '平均湿度', '平均現地気圧']",55.0
672,5517.363794702403,"['平均気温', '最高気温', '降水量', '日照時間', '降雪量', '平均風速']",954.0
673,5336.860740546536,"['平均気温', '最高気温', '降水量', '日照時間', '降雪量', '平均蒸気圧']",247.0
674,5517.072428941533,"['平均気温', '最高気温', '降水量', '日照時間', '降雪量', '平均湿度']",928.0
675,5515.530019912392,"['平均気温', '最高気温', '降水量', '日照時間', '降雪量', '平均現地気圧']",838.0
676,5335.362285588968,"['平均気温', '最高気温', '降水量', '日照時間', '平均風速', '平均蒸気圧']",235.0
677,5518.240642726164,"['平均気温', '最高気温', '降水量', '日照時間', '平均風速', '平均湿度']",990.0
678,5516.902788744803,"['平均気温', '最高気温', '降水量', '日照時間', '平均風速', '平均現地気圧']",919.0
679,5253.934004537624,"['平均気温', '最高気温', '降水量', '日照時間', '平均蒸気圧', '平均湿度']",121.0
680,5332.29897716657,"['平均気温', '最高気温', '降水量', '日照時間', '平均蒸気圧', '平均現地気圧']",210.0
681,5515.18088146582,"['平均気温', '最高気温', '降水量', '日照時間', '平均湿度', '平均現地気圧']",796.0
682,5369.107977026978,"['平均気温', '最高気温', '降水量', '降雪量', '平均風速', '平均蒸気圧']",338.0
683,5520.8364678667995,"['平均気温', '最高気温', '降水量', '降雪量', '平均風速', '平均湿度']",1022.0
684,5517.458095420245,"['平均気温', '最高気温', '降水量', '降雪量', '平均風速', '平均現地気圧']",964.0
685,5253.7656782413715,"['平均気温', '最高気温', '降水量', '降雪量', '平均蒸気圧', '平均湿度']",119.0
686,5382.066114946539,"['平均気温', '最高気温', '降水量', '降雪量', '平均蒸気圧', '平均現地気圧']",368.0
687,5517.5055240929605,"['平均気温', '最高気温', '降水量', '降雪量', '平均湿度', '平均現地気圧']",969.0
688,5253.483707725773,"['平均気温', '最高気温', '降水量', '平均風速', '平均蒸気圧', '平均湿度']",117.0
689,5353.85631199416,"['平均気温', '最高気温', '降水量', '平均風速', '平均蒸気圧', '平均現地気圧']",298.0
690,5518.694932325275,"['平均気温', '最高気温', '降水量', '平均風速', '平均湿度', '平均現地気圧']",999.0
691,5251.421317003061,"['平均気温', '最高気温', '降水量', '平均蒸気圧', '平均湿度', '平均現地気圧']",92.0
692,5346.799356284198,"['平均気温', '最高気温', '日照時間', '降雪量', '平均風速', '平均蒸気圧']",281.0
693,5517.3870743736015,"['平均気温', '最高気温', '日照時間', '降雪量', '平均風速', '平均湿度']",958.0
694,5515.369010297624,"['平均気温', '最高気温', '日照時間', '降雪量', '平均風速', '平均現地気圧']",814.0
695,5252.369705147047,"['平均気温', '最高気温', '日照時間', '降雪量', '平均蒸気圧', '平均湿度']",109.0
696,5340.095494944432,"['平均気温', '最高気温', '日照時間', '降雪量', '平均蒸気圧', '平均現地気圧']",257.0
697,5514.464476436935,"['平均気温', '最高気温', '日照時間', '降雪量', '平均湿度', '平均現地気圧']",762.0
698,5247.375534802329,"['平均気温', '最高気温', '日照時間', '平均風速', '平均蒸気圧', '平均湿度']",31.0
699,5335.72141478903,"['平均気温', '最高気温', '日照時間', '平均風速', '平均蒸気圧', '平均現地気圧']",239.0
700,5515.534602686197,"['平均気温', '最高気温', '日照時間', '平均風速', '平均湿度', '平均現地気圧']",840.0
701,5248.328295446483,"['平均気温', '最高気温', '日照時間', '平均蒸気圧', '平均湿度', '平均現地気圧']",48.0
702,5249.695239255495,"['平均気温', '最高気温', '降雪量', '平均風速', '平均蒸気圧', '平均湿度']",64.0
703,5368.519411696221,"['平均気温', '最高気温', '降雪量', '平均風速', '平均蒸気圧', '平均現地気圧']",337.0
704,5517.965433338719,"['平均気温', '最高気温', '降雪量', '平均風速', '平均湿度', '平均現地気圧']",980.0
705,5248.926816072774,"['平均気温', '最高気温', '降雪量', '平均蒸気圧', '平均湿度', '平均現地気圧']",56.0
706,5250.055943625174,"['平均気温', '最高気温', '平均風速', '平均蒸気圧', '平均湿度', '平均現地気圧']",73.0
707,5505.539255088121,"['平均気温', '最低気温', '降水量', '日照時間', '降雪量', '平均風速']",498.0
708,5336.526143746896,"['平均気温', '最低気温', '降水量', '日照時間', '降雪量', '平均蒸気圧']",243.0
709,5509.810041786829,"['平均気温', '最低気温', '降水量', '日照時間', '降雪量', '平均湿度']",570.0
710,5507.0097862795865,"['平均気温', '最低気温', '降水量', '日照時間', '降雪量', '平均現地気圧']",527.0
711,5333.573099313395,"['平均気温', '最低気温', '降水量', '日照時間', '平均風速', '平均蒸気圧']",218.0
712,5507.608653644687,"['平均気温', '最低気温', '降水量', '日照時間', '平均風速', '平均湿度']",535.0
713,5505.818202419334,"['平均気温', '最低気温', '降水量', '日照時間', '平均風速', '平均現地気圧']",504.0
714,5251.617455271174,"['平均気温', '最低気温', '降水量', '日照時間', '平均蒸気圧', '平均湿度']",96.0
715,5332.138343604104,"['平均気温', '最低気温', '降水量', '日照時間', '平均蒸気圧', '平均現地気圧']",209.0
716,5507.504690308649,"['平均気温', '最低気温', '降水量', '日照時間', '平均湿度', '平均現地気圧']",531.0
717,5362.718526758191,"['平均気温', '最低気温', '降水量', '降雪量', '平均風速', '平均蒸気圧']",318.0
718,5518.217241036106,"['平均気温', '最低気温', '降水量', '降雪量', '平均風速', '平均湿度']",989.0
719,5516.542134342843,"['平均気温', '最低気温', '降水量', '降雪量', '平均風速', '平均現地気圧']",905.0
720,5250.030903997237,"['平均気温', '最低気温', '降水量', '降雪量', '平均蒸気圧', '平均湿度']",71.0
721,5391.079861860947,"['平均気温', '最低気温', '降水量', '降雪量', '平均蒸気圧', '平均現地気圧']",389.0
722,5515.639223252329,"['平均気温', '最低気温', '降水量', '降雪量', '平均湿度', '平均現地気圧']",847.0
723,5251.604390227788,"['平均気温', '最低気温', '降水量', '平均風速', '平均蒸気圧', '平均湿度']",95.0
724,5347.515364304788,"['平均気温', '最低気温', '降水量', '平均風速', '平均蒸気圧', '平均現地気圧']",283.0
725,5517.469573198961,"['平均気温', '最低気温', '降水量', '平均風速', '平均湿度', '平均現地気圧']",965.0
726,5248.268611985181,"['平均気温', '最低気温', '降水量', '平均蒸気圧', '平均湿度', '平均現地気圧']",44.0
727,5345.83546325803,"['平均気温', '最低気温', '日照時間', '降雪量', '平均風速', '平均蒸気圧']",277.0
728,5505.736937306461,"['平均気温', '最低気温', '日照時間', '降雪量', '平均風速', '平均湿度']",501.0
729,5504.0668896909565,"['平均気温', '最低気温', '日照時間', '降雪量', '平均風速', '平均現地気圧']",486.0
730,5250.1908345222355,"['平均気温', '最低気温', '日照時間', '降雪量', '平均蒸気圧', '平均湿度']",77.0
731,5340.034987349546,"['平均気温', '最低気温', '日照時間', '降雪量', '平均蒸気圧', '平均現地気圧']",256.0
732,5506.558051369621,"['平均気温', '最低気温', '日照時間', '降雪量', '平均湿度', '平均現地気圧']",518.0
733,5247.452819452648,"['平均気温', '最低気温', '日照時間', '平均風速', '平均蒸気圧', '平均湿度']",32.0
734,5334.245754976207,"['平均気温', '最低気温', '日照時間', '平均風速', '平均蒸気圧', '平均現地気圧']",226.0
735,5505.770822013767,"['平均気温', '最低気温', '日照時間', '平均風速', '平均湿度', '平均現地気圧']",502.0
736,5246.475915971215,"['平均気温', '最低気温', '日照時間', '平均蒸気圧', '平均湿度', '平均現地気圧']",15.0
737,5248.307876406199,"['平均気温', '最低気温', '降雪量', '平均風速', '平均蒸気圧', '平均湿度']",46.0
738,5364.833474784206,"['平均気温', '最低気温', '降雪量', '平均風速', '平均蒸気圧', '平均現地気圧']",328.0
739,5515.977296872789,"['平均気温', '最低気温', '降雪量', '平均風速', '平均湿度', '平均現地気圧']",871.0
740,5246.014786096542,"['平均気温', '最低気温', '降雪量', '平均蒸気圧', '平均湿度', '平均現地気圧']",13.0
741,5248.140134504789,"['平均気温', '最低気温', '平均風速', '平均蒸気圧', '平均湿度', '平均現地気圧']",40.0
742,5335.067889869152,"['平均気温', '降水量', '日照時間', '降雪量', '平均風速', '平均蒸気圧']",233.0
743,5517.3287893891675,"['平均気温', '降水量', '日照時間', '降雪量', '平均風速', '平均湿度']",950.0
744,5515.81352674734,"['平均気温', '降水量', '日照時間', '降雪量', '平均風速', '平均現地気圧']",860.0
745,5250.23392818222,"['平均気温', '降水量', '日照時間', '降雪量', '平均蒸気圧', '平均湿度']",79.0
746,5331.91558971462,"['平均気温', '降水量', '日照時間', '降雪量', '平均蒸気圧', '平均現地気圧']",208.0
747,5514.201039432437,"['平均気温', '降水量', '日照時間', '降雪量', '平均湿度', '平均現地気圧']",746.0
748,5247.331612864122,"['平均気温', '降水量', '日照時間', '平均風速', '平均蒸気圧', '平均湿度']",30.0
749,5327.447447050436,"['平均気温', '降水量', '日照時間', '平均風速', '平均蒸気圧', '平均現地気圧']",193.0
750,5515.419548267772,"['平均気温', '降水量', '日照時間', '平均風速', '平均湿度', '平均現地気圧']",822.0
751,5247.922079900411,"['平均気温', '降水量', '日照時間', '平均蒸気圧', '平均湿度', '平均現地気圧']",36.0
752,5250.622205022845,"['平均気温', '降水量', '降雪量', '平均風速', '平均蒸気圧', '平均湿度']",85.0
753,5395.998319417265,"['平均気温', '降水量', '降雪量', '平均風速', '平均蒸気圧', '平均現地気圧']",402.0
754,5517.772510441731,"['平均気温', '降水量', '降雪量', '平均風速', '平均湿度', '平均現地気圧']",976.0
755,5251.2270958259,"['平均気温', '降水量', '降雪量', '平均蒸気圧', '平均湿度', '平均現地気圧']",89.0
756,5252.477648606079,"['平均気温', '降水量', '平均風速', '平均蒸気圧', '平均湿度', '平均現地気圧']",110.0
757,5243.799044701862,"['平均気温', '日照時間', '降雪量', '平均風速', '平均蒸気圧', '平均湿度']",2.0
758,5336.8042549832135,"['平均気温', '日照時間', '降雪量', '平均風速', '平均蒸気圧', '平均現地気圧']",245.0
759,5514.79630716796,"['平均気温', '日照時間', '降雪量', '平均風速', '平均湿度', '平均現地気圧']",772.0
760,5245.759123590566,"['平均気温', '日照時間', '降雪量', '平均蒸気圧', '平均湿度', '平均現地気圧']",10.0
761,5244.686493774107,"['平均気温', '日照時間', '平均風速', '平均蒸気圧', '平均湿度', '平均現地気圧']",3.0
762,5248.53492737285,"['平均気温', '降雪量', '平均風速', '平均蒸気圧', '平均湿度', '平均現地気圧']",50.0
763,5512.220022448485,"['最高気温', '最低気温', '降水量', '日照時間', '降雪量', '平均風速']",636.0
764,5346.143682837056,"['最高気温', '最低気温', '降水量', '日照時間', '降雪量', '平均蒸気圧']",280.0
765,5514.19831860866,"['最高気温', '最低気温', '降水量', '日照時間', '降雪量', '平均湿度']",745.0
766,5511.651339899128,"['最高気温', '最低気温', '降水量', '日照時間', '降雪量', '平均現地気圧']",603.0
767,5340.585688226608,"['最高気温', '最低気温', '降水量', '日照時間', '平均風速', '平均蒸気圧']",258.0
768,5514.11849307933,"['最高気温', '最低気温', '降水量', '日照時間', '平均風速', '平均湿度']",741.0
769,5512.1464219432255,"['最高気温', '最低気温', '降水量', '日照時間', '平均風速', '平均現地気圧']",630.0
770,5264.495830483159,"['最高気温', '最低気温', '降水量', '日照時間', '平均蒸気圧', '平均湿度']",148.0
771,5342.744650184484,"['最高気温', '最低気温', '降水量', '日照時間', '平均蒸気圧', '平均現地気圧']",263.0
772,5512.095411386257,"['最高気温', '最低気温', '降水量', '日照時間', '平均湿度', '平均現地気圧']",627.0
773,5365.262242875323,"['最高気温', '最低気温', '降水量', '降雪量', '平均風速', '平均蒸気圧']",329.0
774,5520.787484742306,"['最高気温', '最低気温', '降水量', '降雪量', '平均風速', '平均湿度']",1021.0
775,5517.501667389875,"['最高気温', '最低気温', '降水量', '降雪量', '平均風速', '平均現地気圧']",968.0
776,5264.56120164357,"['最高気温', '最低気温', '降水量', '降雪量', '平均蒸気圧', '平均湿度']",151.0
777,5393.3719222056825,"['最高気温', '最低気温', '降水量', '降雪量', '平均蒸気圧', '平均現地気圧']",397.0
778,5517.437827257961,"['最高気温', '最低気温', '降水量', '降雪量', '平均湿度', '平均現地気圧']",960.0
779,5267.990572538708,"['最高気温', '最低気温', '降水量', '平均風速', '平均蒸気圧', '平均湿度']",160.0
780,5350.022117850548,"['最高気温', '最低気温', '降水量', '平均風速', '平均蒸気圧', '平均現地気圧']",288.0
781,5519.12946021404,"['最高気温', '最低気温', '降水量', '平均風速', '平均湿度', '平均現地気圧']",1008.0
782,5263.9536787422285,"['最高気温', '最低気温', '降水量', '平均蒸気圧', '平均湿度', '平均現地気圧']",146.0
783,5353.159122614103,"['最高気温', '最低気温', '日照時間', '降雪量', '平均風速', '平均蒸気圧']",297.0
784,5512.5829835135555,"['最高気温', '最低気温', '日照時間', '降雪量', '平均風速', '平均湿度']",646.0
785,5510.453342197296,"['最高気温', '最低気温', '日照時間', '降雪量', '平均風速', '平均現地気圧']",585.0
786,5263.12221463013,"['最高気温', '最低気温', '日照時間', '降雪量', '平均蒸気圧', '平均湿度']",141.0
787,5350.366077139038,"['最高気温', '最低気温', '日照時間', '降雪量', '平均蒸気圧', '平均現地気圧']",290.0
788,5511.151449695872,"['最高気温', '最低気温', '日照時間', '降雪量', '平均湿度', '平均現地気圧']",593.0
789,5263.739231233012,"['最高気温', '最低気温', '日照時間', '平均風速', '平均蒸気圧', '平均湿度']",143.0
790,5341.585019704801,"['最高気温', '最低気温', '日照時間', '平均風速', '平均蒸気圧', '平均現地気圧']",259.0
791,5511.817059104915,"['最高気温', '最低気温', '日照時間', '平均風速', '平均湿度', '平均現地気圧']",613.0
792,5260.88514679791,"['最高気温', '最低気温', '日照時間', '平均蒸気圧', '平均湿度', '平均現地気圧']",130.0
793,5265.615820920576,"['最高気温', '最低気温', '降雪量', '平均風速', '平均蒸気圧', '平均湿度']",155.0
794,5365.9544152061835,"['最高気温', '最低気温', '降雪量', '平均風速', '平均蒸気圧', '平均現地気圧']",332.0
795,5517.966055980716,"['最高気温', '最低気温', '降雪量', '平均風速', '平均湿度', '平均現地気圧']",981.0
796,5261.793822703922,"['最高気温', '最低気温', '降雪量', '平均蒸気圧', '平均湿度', '平均現地気圧']",133.0
797,5264.5463042591555,"['最高気温', '最低気温', '平均風速', '平均蒸気圧', '平均湿度', '平均現地気圧']",150.0
798,5381.710455641792,"['最高気温', '降水量', '日照時間', '降雪量', '平均風速', '平均蒸気圧']",365.0
799,5517.022909904985,"['最高気温', '降水量', '日照時間', '降雪量', '平均風速', '平均湿度']",924.0
800,5515.831245227879,"['最高気温', '降水量', '日照時間', '降雪量', '平均風速', '平均現地気圧']",863.0
801,5331.151607787719,"['最高気温', '降水量', '日照時間', '降雪量', '平均蒸気圧', '平均湿度']",207.0
802,5376.62441574762,"['最高気温', '降水量', '日照時間', '降雪量', '平均蒸気圧', '平均現地気圧']",345.0
803,5514.094885066035,"['最高気温', '降水量', '日照時間', '降雪量', '平均湿度', '平均現地気圧']",737.0
804,5318.148278754043,"['最高気温', '降水量', '日照時間', '平均風速', '平均蒸気圧', '平均湿度']",171.0
805,5377.65505763804,"['最高気温', '降水量', '日照時間', '平均風速', '平均蒸気圧', '平均現地気圧']",347.0
806,5515.318369579191,"['最高気温', '降水量', '日照時間', '平均風速', '平均湿度', '平均現地気圧']",808.0
807,5329.270002041732,"['最高気温', '降水量', '日照時間', '平均蒸気圧', '平均湿度', '平均現地気圧']",200.0
808,5358.597871527878,"['最高気温', '降水量', '降雪量', '平均風速', '平均蒸気圧', '平均湿度']",305.0
809,5460.216142393106,"['最高気温', '降水量', '降雪量', '平均風速', '平均蒸気圧', '平均現地気圧']",434.0
810,5517.663070259767,"['最高気温', '降水量', '降雪量', '平均風速', '平均湿度', '平均現地気圧']",974.0
811,5362.561450788569,"['最高気温', '降水量', '降雪量', '平均蒸気圧', '平均湿度', '平均現地気圧']",317.0
812,5362.37193417957,"['最高気温', '降水量', '平均風速', '平均蒸気圧', '平均湿度', '平均現地気圧']",316.0
813,5313.302870048739,"['最高気温', '日照時間', '降雪量', '平均風速', '平均蒸気圧', '平均湿度']",161.0
814,5382.413694479235,"['最高気温', '日照時間', '降雪量', '平均風速', '平均蒸気圧', '平均現地気圧']",370.0
815,5514.714756561212,"['最高気温', '日照時間', '降雪量', '平均風速', '平均湿度', '平均現地気圧']",769.0
816,5326.26852209004,"['最高気温', '日照時間', '降雪量', '平均蒸気圧', '平均湿度', '平均現地気圧']",189.0
817,5317.2028305626145,"['最高気温', '日照時間', '平均風速', '平均蒸気圧', '平均湿度', '平均現地気圧']",170.0
818,5356.543250188868,"['最高気温', '降雪量', '平均風速', '平均蒸気圧', '平均湿度', '平均現地気圧']",301.0
819,5364.790697862441,"['最低気温', '降水量', '日照時間', '降雪量', '平均風速', '平均蒸気圧']",327.0
820,5518.346072720377,"['最低気温', '降水量', '日照時間', '降雪量', '平均風速', '平均湿度']",991.0
821,5515.39331985408,"['最低気温', '降水量', '日照時間', '降雪量', '平均風速', '平均現地気圧']",818.0
822,5325.9513742227,"['最低気温', '降水量', '日照時間', '降雪量', '平均蒸気圧', '平均湿度']",188.0
823,5377.470039932809,"['最低気温', '降水量', '日照時間', '降雪量', '平均蒸気圧', '平均現地気圧']",346.0
824,5514.411016523906,"['最低気温', '降水量', '日照時間', '降雪量', '平均湿度', '平均現地気圧']",757.0
825,5324.081743833817,"['最低気温', '降水量', '日照時間', '平均風速', '平均蒸気圧', '平均湿度']",180.0
826,5350.386628436245,"['最低気温', '降水量', '日照時間', '平均風速', '平均蒸気圧', '平均現地気圧']",291.0
827,5515.772043574113,"['最低気温', '降水量', '日照時間', '平均風速', '平均湿度', '平均現地気圧']",855.0
828,5322.873537982907,"['最低気温', '降水量', '日照時間', '平均蒸気圧', '平均湿度', '平均現地気圧']",176.0
829,5333.0700742581375,"['最低気温', '降水量', '降雪量', '平均風速', '平均蒸気圧', '平均湿度']",213.0
830,5351.8161882914665,"['最低気温', '降水量', '降雪量', '平均風速', '平均蒸気圧', '平均現地気圧']",294.0
831,5517.500406394369,"['最低気温', '降水量', '降雪量', '平均風速', '平均湿度', '平均現地気圧']",967.0
832,5330.38837621188,"['最低気温', '降水量', '降雪量', '平均蒸気圧', '平均湿度', '平均現地気圧']",204.0
833,5323.909469376019,"['最低気温', '降水量', '平均風速', '平均蒸気圧', '平均湿度', '平均現地気圧']",179.0
834,5324.347912123325,"['最低気温', '日照時間', '降雪量', '平均風速', '平均蒸気圧', '平均湿度']",183.0
835,5360.191279447677,"['最低気温', '日照時間', '降雪量', '平均風速', '平均蒸気圧', '平均現地気圧']",308.0
836,5514.890984104333,"['最低気温', '日照時間', '降雪量', '平均風速', '平均湿度', '平均現地気圧']",774.0
837,5321.0395712662885,"['最低気温', '日照時間', '降雪量', '平均蒸気圧', '平均湿度', '平均現地気圧']",173.0
838,5314.542617370736,"['最低気温', '日照時間', '平均風速', '平均蒸気圧', '平均湿度', '平均現地気圧']",162.0
839,5324.339687698561,"['最低気温', '降雪量', '平均風速', '平均蒸気圧', '平均湿度', '平均現地気圧']",182.0
840,5508.284149298106,"['降水量', '日照時間', '降雪量', '平均風速', '平均蒸気圧', '平均湿度']",548.0
841,5498.134251063253,"['降水量', '日照時間', '降雪量', '平均風速', '平均蒸気圧', '平均現地気圧']",470.0
842,5514.333289414893,"['降水量', '日照時間', '降雪量', '平均風速', '平均湿度', '平均現地気圧']",751.0
843,5496.356556748043,"['降水量', '日照時間', '降雪量', '平均蒸気圧', '平均湿度', '平均現地気圧']",459.0
844,5499.281526680727,"['降水量', '日照時間', '平均風速', '平均蒸気圧', '平均湿度', '平均現地気圧']",476.0
845,5496.017560258248,"['降水量', '降雪量', '平均風速', '平均蒸気圧', '平均湿度', '平均現地気圧']",457.0
846,5496.109451604677,"['日照時間', '降雪量', '平均風速', '平均蒸気圧', '平均湿度', '平均現地気圧']",458.0
847,5505.98305733224,"['平均気温', '最高気温', '最低気温', '降水量', '日照時間', '降雪量', '平均風速']",509.0
848,5338.513926559831,"['平均気温', '最高気温', '最低気温', '降水量', '日照時間', '降雪量', '平均蒸気圧']",254.0
849,5510.247982388573,"['平均気温', '最高気温', '最低気温', '降水量', '日照時間', '降雪量', '平均湿度']",580.0
850,5506.906150791955,"['平均気温', '最高気温', '最低気温', '降水量', '日照時間', '降雪量', '平均現地気圧']",524.0
851,5335.545266207253,"['平均気温', '最高気温', '最低気温', '降水量', '日照時間', '平均風速', '平均蒸気圧']",236.0
852,5508.068069871019,"['平均気温', '最高気温', '最低気温', '降水量', '日照時間', '平均風速', '平均湿度']",546.0
853,5505.914049844285,"['平均気温', '最高気温', '最低気温', '降水量', '日照時間', '平均風速', '平均現地気圧']",508.0
854,5253.126367553828,"['平均気温', '最高気温', '最低気温', '降水量', '日照時間', '平均蒸気圧', '平均湿度']",112.0
855,5334.131434626421,"['平均気温', '最高気温', '最低気温', '降水量', '日照時間', '平均蒸気圧', '平均現地気圧']",225.0
856,5507.458101364484,"['平均気温', '最高気温', '最低気温', '降水量', '日照時間', '平均湿度', '平均現地気圧']",530.0
857,5361.490015043999,"['平均気温', '最高気温', '最低気温', '降水量', '降雪量', '平均風速', '平均蒸気圧']",313.0
858,5514.6249973937465,"['平均気温', '最高気温', '最低気温', '降水量', '降雪量', '平均風速', '平均湿度']",766.0
859,5511.980440980224,"['平均気温', '最高気温', '最低気温', '降水量', '降雪量', '平均風速', '平均現地気圧']",621.0
860,5252.002666718151,"['平均気温', '最高気温', '最低気温', '降水量', '降雪量', '平均蒸気圧', '平均湿度']",104.0
861,5382.054872755686,"['平均気温', '最高気温', '最低気温', '降水量', '降雪量', '平均蒸気圧', '平均現地気圧']",366.0
862,5511.745717792507,"['平均気温', '最高気温', '最低気温', '降水量', '降雪量', '平均湿度', '平均現地気圧']",611.0
863,5253.604172642658,"['平均気温', '最高気温', '最低気温', '降水量', '平均風速', '平均蒸気圧', '平均湿度']",118.0
864,5346.017649344498,"['平均気温', '最高気温', '最低気温', '降水量', '平均風速', '平均蒸気圧', '平均現地気圧']",279.0
865,5513.379917825984,"['平均気温', '最高気温', '最低気温', '降水量', '平均風速', '平均湿度', '平均現地気圧']",673.0
866,5250.2637534498235,"['平均気温', '最高気温', '最低気温', '降水量', '平均蒸気圧', '平均湿度', '平均現地気圧']",80.0
867,5347.8276404295775,"['平均気温', '最高気温', '最低気温', '日照時間', '降雪量', '平均風速', '平均蒸気圧']",285.0
868,5506.173817885426,"['平均気温', '最高気温', '最低気温', '日照時間', '降雪量', '平均風速', '平均湿度']",515.0
869,5504.155549549216,"['平均気温', '最高気温', '最低気温', '日照時間', '降雪量', '平均風速', '平均現地気圧']",488.0
870,5251.712117687233,"['平均気温', '最高気温', '最低気温', '日照時間', '降雪量', '平均蒸気圧', '平均湿度']",98.0
871,5342.006034685197,"['平均気温', '最高気温', '最低気温', '日照時間', '降雪量', '平均蒸気圧', '平均現地気圧']",262.0
872,5506.472100801305,"['平均気温', '最高気温', '最低気温', '日照時間', '降雪量', '平均湿度', '平均現地気圧']",517.0
873,5248.962132316083,"['平均気温', '最高気温', '最低気温', '日照時間', '平均風速', '平均蒸気圧', '平均湿度']",57.0
874,5336.207589419253,"['平均気温', '最高気温', '最低気温', '日照時間', '平均風速', '平均蒸気圧', '平均現地気圧']",240.0
875,5505.8591853037005,"['平均気温', '最高気温', '最低気温', '日照時間', '平均風速', '平均湿度', '平均現地気圧']",506.0
876,5248.249332638695,"['平均気温', '最高気温', '最低気温', '日照時間', '平均蒸気圧', '平均湿度', '平均現地気圧']",42.0
877,5250.306795221917,"['平均気温', '最高気温', '最低気温', '降雪量', '平均風速', '平均蒸気圧', '平均湿度']",81.0
878,5361.8002770491585,"['平均気温', '最高気温', '最低気温', '降雪量', '平均風速', '平均蒸気圧', '平均現地気圧']",314.0
879,5511.828565580078,"['平均気温', '最高気温', '最低気温', '降雪量', '平均風速', '平均湿度', '平均現地気圧']",614.0
880,5248.011628336503,"['平均気温', '最高気温', '最低気温', '降雪量', '平均蒸気圧', '平均湿度', '平均現地気圧']",37.0
881,5250.11981246473,"['平均気温', '最高気温', '最低気温', '平均風速', '平均蒸気圧', '平均湿度', '平均現地気圧']",76.0
882,5336.57626864788,"['平均気温', '最高気温', '降水量', '日照時間', '降雪量', '平均風速', '平均蒸気圧']",244.0
883,5518.6419429077505,"['平均気温', '最高気温', '降水量', '日照時間', '降雪量', '平均風速', '平均湿度']",997.0
884,5517.196857801672,"['平均気温', '最高気温', '降水量', '日照時間', '降雪量', '平均風速', '平均現地気圧']",936.0
885,5252.1058848951125,"['平均気温', '最高気温', '降水量', '日照時間', '降雪量', '平均蒸気圧', '平均湿度']",107.0
886,5333.754774316474,"['平均気温', '最高気温', '降水量', '日照時間', '降雪量', '平均蒸気圧', '平均現地気圧']",223.0
887,5515.850331962837,"['平均気温', '最高気温', '降水量', '日照時間', '降雪量', '平均湿度', '平均現地気圧']",864.0
888,5249.18889682855,"['平均気温', '最高気温', '降水量', '日照時間', '平均風速', '平均蒸気圧', '平均湿度']",58.0
889,5328.14516213342,"['平均気温', '最高気温', '降水量', '日照時間', '平均風速', '平均蒸気圧', '平均現地気圧']",196.0
890,5517.170297866283,"['平均気温', '最高気温', '降水量', '日照時間', '平均風速', '平均湿度', '平均現地気圧']",934.0
891,5249.675377531991,"['平均気温', '最高気温', '降水量', '日照時間', '平均蒸気圧', '平均湿度', '平均現地気圧']",63.0
892,5250.986533440824,"['平均気温', '最高気温', '降水量', '降雪量', '平均風速', '平均蒸気圧', '平均湿度']",87.0
893,5355.410671845521,"['平均気温', '最高気温', '降水量', '降雪量', '平均風速', '平均蒸気圧', '平均現地気圧']",300.0
894,5519.253676825841,"['平均気温', '最高気温', '降水量', '降雪量', '平均風速', '平均湿度', '平均現地気圧']",1011.0
895,5249.768553776286,"['平均気温', '最高気温', '降水量', '降雪量', '平均蒸気圧', '平均湿度', '平均現地気圧']",65.0
896,5251.86216243172,"['平均気温', '最高気温', '降水量', '平均風速', '平均蒸気圧', '平均湿度', '平均現地気圧']",102.0
897,5245.562771306341,"['平均気温', '最高気温', '日照時間', '降雪量', '平均風速', '平均蒸気圧', '平均湿度']",9.0
898,5337.706184293905,"['平均気温', '最高気温', '日照時間', '降雪量', '平均風速', '平均蒸気圧', '平均現地気圧']",249.0
899,5516.446563273077,"['平均気温', '最高気温', '日照時間', '降雪量', '平均風速', '平均湿度', '平均現地気圧']",902.0
900,5247.533181977424,"['平均気温', '最高気温', '日照時間', '降雪量', '平均蒸気圧', '平均湿度', '平均現地気圧']",33.0
901,5246.668400235528,"['平均気温', '最高気温', '日照時間', '平均風速', '平均蒸気圧', '平均湿度', '平均現地気圧']",21.0
902,5248.435472385541,"['平均気温', '最高気温', '降雪量', '平均風速', '平均蒸気圧', '平均湿度', '平均現地気圧']",49.0
903,5334.866813738294,"['平均気温', '最低気温', '降水量', '日照時間', '降雪量', '平均風速', '平均蒸気圧']",231.0
904,5507.516257162178,"['平均気温', '最低気温', '降水量', '日照時間', '降雪量', '平均風速', '平均湿度']",532.0
905,5505.9097934601605,"['平均気温', '最低気温', '降水量', '日照時間', '降雪量', '平均風速', '平均現地気圧']",507.0
906,5249.961575269746,"['平均気温', '最低気温', '降水量', '日照時間', '降雪量', '平均蒸気圧', '平均湿度']",69.0
907,5333.615997359859,"['平均気温', '最低気温', '降水量', '日照時間', '降雪量', '平均蒸気圧', '平均現地気圧']",219.0
908,5507.925699248493,"['平均気温', '最低気温', '降水量', '日照時間', '降雪量', '平均湿度', '平均現地気圧']",542.0
909,5249.193533357154,"['平均気温', '最低気温', '降水量', '日照時間', '平均風速', '平均蒸気圧', '平均湿度']",59.0
910,5325.7998159601,"['平均気温', '最低気温', '降水量', '日照時間', '平均風速', '平均蒸気圧', '平均現地気圧']",187.0
911,5507.723674351938,"['平均気温', '最低気温', '降水量', '日照時間', '平均風速', '平均湿度', '平均現地気圧']",537.0
912,5247.806277010175,"['平均気温', '最低気温', '降水量', '日照時間', '平均蒸気圧', '平均湿度', '平均現地気圧']",35.0
913,5249.390631344328,"['平均気温', '最低気温', '降水量', '降雪量', '平均風速', '平均蒸気圧', '平均湿度']",61.0
914,5349.225923167868,"['平均気温', '最低気温', '降水量', '降雪量', '平均風速', '平均蒸気圧', '平均現地気圧']",287.0
915,5517.543200949608,"['平均気温', '最低気温', '降水量', '降雪量', '平均風速', '平均湿度', '平均現地気圧']",971.0
916,5246.811518400229,"['平均気温', '最低気温', '降水量', '降雪量', '平均蒸気圧', '平均湿度', '平均現地気圧']",24.0
917,5249.794482362351,"['平均気温', '最低気温', '降水量', '平均風速', '平均蒸気圧', '平均湿度', '平均現地気圧']",66.0
918,5245.772199760612,"['平均気温', '最低気温', '日照時間', '降雪量', '平均風速', '平均蒸気圧', '平均湿度']",11.0
919,5336.243076750084,"['平均気温', '最低気温', '日照時間', '降雪量', '平均風速', '平均蒸気圧', '平均現地気圧']",241.0
920,5506.06630943935,"['平均気温', '最低気温', '日照時間', '降雪量', '平均風速', '平均湿度', '平均現地気圧']",511.0
921,5245.7986291631205,"['平均気温', '最低気温', '日照時間', '降雪量', '平均蒸気圧', '平均湿度', '平均現地気圧']",12.0
922,5246.358572924737,"['平均気温', '最低気温', '日照時間', '平均風速', '平均蒸気圧', '平均湿度', '平均現地気圧']",14.0
923,5246.857818683783,"['平均気温', '最低気温', '降雪量', '平均風速', '平均蒸気圧', '平均湿度', '平均現地気圧']",25.0
924,5245.209484030718,"['平均気温', '降水量', '日照時間', '降雪量', '平均風速', '平均蒸気圧', '平均湿度']",6.0
925,5328.858150501068,"['平均気温', '降水量', '日照時間', '降雪量', '平均風速', '平均蒸気圧', '平均現地気圧']",198.0
926,5516.14310823002,"['平均気温', '降水量', '日照時間', '降雪量', '平均風速', '平均湿度', '平均現地気圧']",883.0
927,5246.50995310841,"['平均気温', '降水量', '日照時間', '降雪量', '平均蒸気圧', '平均湿度', '平均現地気圧']",16.0
928,5246.549328257691,"['平均気温', '降水量', '日照時間', '平均風速', '平均蒸気圧', '平均湿度', '平均現地気圧']",17.0
929,5250.0862404107265,"['平均気温', '降水量', '降雪量', '平均風速', '平均蒸気圧', '平均湿度', '平均現地気圧']",74.0
930,5243.26130903671,"['平均気温', '日照時間', '降雪量', '平均風速', '平均蒸気圧', '平均湿度', '平均現地気圧']",1.0
931,5341.911093579233,"['最高気温', '最低気温', '降水量', '日照時間', '降雪量', '平均風速', '平均蒸気圧']",261.0
932,5514.176856261689,"['最高気温', '最低気温', '降水量', '日照時間', '降雪量', '平均風速', '平均湿度']",743.0
933,5512.275762411225,"['最高気温', '最低気温', '降水量', '日照時間', '降雪量', '平均風速', '平均現地気圧']",638.0
934,5263.060205885942,"['最高気温', '最低気温', '降水量', '日照時間', '降雪量', '平均蒸気圧', '平均湿度']",140.0
935,5344.240895544126,"['最高気温', '最低気温', '降水量', '日照時間', '降雪量', '平均蒸気圧', '平均現地気圧']",270.0
936,5512.5560277607465,"['最高気温', '最低気温', '降水量', '日照時間', '降雪量', '平均湿度', '平均現地気圧']",645.0
937,5265.167966804045,"['最高気温', '最低気温', '降水量', '日照時間', '平均風速', '平均蒸気圧', '平均湿度']",153.0
938,5332.902433165148,"['最高気温', '最低気温', '降水量', '日照時間', '平均風速', '平均蒸気圧', '平均現地気圧']",212.0
939,5513.670601307976,"['最高気温', '最低気温', '降水量', '日照時間', '平均風速', '平均湿度', '平均現地気圧']",698.0
940,5262.214617518663,"['最高気温', '最低気温', '降水量', '日照時間', '平均蒸気圧', '平均湿度', '平均現地気圧']",134.0
941,5266.210566449347,"['最高気温', '最低気温', '降水量', '降雪量', '平均風速', '平均蒸気圧', '平均湿度']",157.0
942,5351.714138248216,"['最高気温', '最低気温', '降水量', '降雪量', '平均風速', '平均蒸気圧', '平均現地気圧']",293.0
943,5519.406198845481,"['最高気温', '最低気温', '降水量', '降雪量', '平均風速', '平均湿度', '平均現地気圧']",1016.0
944,5262.637497283483,"['最高気温', '最低気温', '降水量', '降雪量', '平均蒸気圧', '平均湿度', '平均現地気圧']",138.0
945,5265.871559149423,"['最高気温', '最低気温', '降水量', '平均風速', '平均蒸気圧', '平均湿度', '平均現地気圧']",156.0
946,5262.599245127341,"['最高気温', '最低気温', '日照時間', '降雪量', '平均風速', '平均蒸気圧', '平均湿度']",137.0
947,5343.584190312162,"['最高気温', '最低気温', '日照時間', '降雪量', '平均風速', '平均蒸気圧', '平均現地気圧']",266.0
948,5512.340238172656,"['最高気温', '最低気温', '日照時間', '降雪量', '平均風速', '平均湿度', '平均現地気圧']",640.0
949,5260.351277239082,"['最高気温', '最低気温', '日照時間', '降雪量', '平均蒸気圧', '平均湿度', '平均現地気圧']",129.0
950,5262.550476881497,"['最高気温', '最低気温', '日照時間', '平均風速', '平均蒸気圧', '平均湿度', '平均現地気圧']",135.0
951,5263.783083394432,"['最高気温', '最低気温', '降雪量', '平均風速', '平均蒸気圧', '平均湿度', '平均現地気圧']",144.0
952,5315.271845311152,"['最高気温', '降水量', '日照時間', '降雪量', '平均風速', '平均蒸気圧', '平均湿度']",167.0
953,5378.480584881469,"['最高気温', '降水量', '日照時間', '降雪量', '平均風速', '平均蒸気圧', '平均現地気圧']",349.0
954,5516.056362597428,"['最高気温', '降水量', '日照時間', '降雪量', '平均風速', '平均湿度', '平均現地気圧']",876.0
955,5327.390910077439,"['最高気温', '降水量', '日照時間', '降雪量', '平均蒸気圧', '平均湿度', '平均現地気圧']",192.0
956,5319.158523250286,"['最高気温', '降水量', '日照時間', '平均風速', '平均蒸気圧', '平均湿度', '平均現地気圧']",172.0
957,5358.502846492589,"['最高気温', '降水量', '降雪量', '平均風速', '平均蒸気圧', '平均湿度', '平均現地気圧']",304.0
958,5314.55879483354,"['最高気温', '日照時間', '降雪量', '平均風速', '平均蒸気圧', '平均湿度', '平均現地気圧']",163.0
959,5323.492832487941,"['最低気温', '降水量', '日照時間', '降雪量', '平均風速', '平均蒸気圧', '平均湿度']",178.0
960,5351.944658707531,"['最低気温', '降水量', '日照時間', '降雪量', '平均風速', '平均蒸気圧', '平均現地気圧']",295.0
961,5516.324380679622,"['最低気温', '降水量', '日照時間', '降雪量', '平均風速', '平均湿度', '平均現地気圧']",891.0
962,5322.4384332069685,"['最低気温', '降水量', '日照時間', '降雪量', '平均蒸気圧', '平均湿度', '平均現地気圧']",175.0
963,5314.8958884599615,"['最低気温', '降水量', '日照時間', '平均風速', '平均蒸気圧', '平均湿度', '平均現地気圧']",164.0
964,5324.390981379509,"['最低気温', '降水量', '降雪量', '平均風速', '平均蒸気圧', '平均湿度', '平均現地気圧']",184.0
965,5315.110055724061,"['最低気温', '日照時間', '降雪量', '平均風速', '平均蒸気圧', '平均湿度', '平均現地気圧']",166.0
966,5497.988232873813,"['降水量', '日照時間', '降雪量', '平均風速', '平均蒸気圧', '平均湿度', '平均現地気圧']",468.0
967,5336.841517399324,"['平均気温', '最高気温', '最低気温', '降水量', '日照時間', '降雪量', '平均風速', '平均蒸気圧']",246.0
968,5507.953872787571,"['平均気温', '最高気温', '最低気温', '降水量', '日照時間', '降雪量', '平均風速', '平均湿度']",543.0
969,5506.00628512224,"['平均気温', '最高気温', '最低気温', '降水量', '日照時間', '降雪量', '平均風速', '平均現地気圧']",510.0
970,5251.475995007921,"['平均気温', '最高気温', '最低気温', '降水量', '日照時間', '降雪量', '平均蒸気圧', '平均湿度']",93.0
971,5335.608460265069,"['平均気温', '最高気温', '最低気温', '降水量', '日照時間', '降雪量', '平均蒸気圧', '平均現地気圧']",238.0
972,5507.873089908774,"['平均気温', '最高気温', '最低気温', '降水量', '日照時間', '降雪量', '平均湿度', '平均現地気圧']",540.0
973,5250.700461152582,"['平均気温', '最高気温', '最低気温', '降水量', '日照時間', '平均風速', '平均蒸気圧', '平均湿度']",86.0
974,5327.789433828526,"['平均気温', '最高気温', '最低気温', '降水量', '日照時間', '平均風速', '平均蒸気圧', '平均現地気圧']",195.0
975,5507.814906259177,"['平均気温', '最高気温', '最低気温', '降水量', '日照時間', '平均風速', '平均湿度', '平均現地気圧']",538.0
976,5249.566247737803,"['平均気温', '最高気温', '最低気温', '降水量', '日照時間', '平均蒸気圧', '平均湿度', '平均現地気圧']",62.0
977,5251.390592480931,"['平均気温', '最高気温', '最低気温', '降水量', '降雪量', '平均風速', '平均蒸気圧', '平均湿度']",91.0
978,5347.695643614364,"['平均気温', '最高気温', '最低気温', '降水量', '降雪量', '平均風速', '平均蒸気圧', '平均現地気圧']",284.0
979,5513.48404552164,"['平均気温', '最高気温', '最低気温', '降水量', '降雪量', '平均風速', '平均湿度', '平均現地気圧']",681.0
980,5248.809672340824,"['平均気温', '最高気温', '最低気温', '降水量', '降雪量', '平均蒸気圧', '平均湿度', '平均現地気圧']",53.0
981,5251.778843392942,"['平均気温', '最高気温', '最低気温', '降水量', '平均風速', '平均蒸気圧', '平均湿度', '平均現地気圧']",100.0
982,5247.288162094233,"['平均気温', '最高気温', '最低気温', '日照時間', '降雪量', '平均風速', '平均蒸気圧', '平均湿度']",29.0
983,5338.204694412968,"['平均気温', '最高気温', '最低気温', '日照時間', '降雪量', '平均風速', '平均蒸気圧', '平均現地気圧']",252.0
984,5506.155365208106,"['平均気温', '最高気温', '最低気温', '日照時間', '降雪量', '平均風速', '平均湿度', '平均現地気圧']",514.0
985,5247.573433672487,"['平均気温', '最高気温', '最低気温', '日照時間', '降雪量', '平均蒸気圧', '平均湿度', '平均現地気圧']",34.0
986,5248.072396846549,"['平均気温', '最高気温', '最低気温', '日照時間', '平均風速', '平均蒸気圧', '平均湿度', '平均現地気圧']",38.0
987,5248.839359832907,"['平均気温', '最高気温', '最低気温', '降雪量', '平均風速', '平均蒸気圧', '平均湿度', '平均現地気圧']",54.0
988,5247.021876528132,"['平均気温', '最高気温', '降水量', '日照時間', '降雪量', '平均風速', '平均蒸気圧', '平均湿度']",27.0
989,5329.589583079314,"['平均気温', '最高気温', '降水量', '日照時間', '降雪量', '平均風速', '平均蒸気圧', '平均現地気圧']",202.0
990,5517.848213270283,"['平均気温', '最高気温', '降水量', '日照時間', '降雪量', '平均風速', '平均湿度', '平均現地気圧']",978.0
991,5248.299519995122,"['平均気温', '最高気温', '降水量', '日照時間', '降雪量', '平均蒸気圧', '平均湿度', '平均現地気圧']",45.0
992,5248.537272154309,"['平均気温', '最高気温', '降水量', '日照時間', '平均風速', '平均蒸気圧', '平均湿度', '平均現地気圧']",51.0
993,5249.887113677454,"['平均気温', '最高気温', '降水量', '降雪量', '平均風速', '平均蒸気圧', '平均湿度', '平均現地気圧']",68.0
994,5245.211670223008,"['平均気温', '最高気温', '日照時間', '降雪量', '平均風速', '平均蒸気圧', '平均湿度', '平均現地気圧']",7.0
995,5247.138527243679,"['平均気温', '最低気温', '降水量', '日照時間', '降雪量', '平均風速', '平均蒸気圧', '平均湿度']",28.0
996,5327.329262867569,"['平均気温', '最低気温', '降水量', '日照時間', '降雪量', '平均風速', '平均蒸気圧', '平均現地気圧']",191.0
997,5507.895573133101,"['平均気温', '最低気温', '降水量', '日照時間', '降雪量', '平均風速', '平均湿度', '平均現地気圧']",541.0
998,5246.556589135154,"['平均気温', '最低気温', '降水量', '日照時間', '降雪量', '平均蒸気圧', '平均湿度', '平均現地気圧']",19.0
999,5248.155518955266,"['平均気温', '最低気温', '降水量', '日照時間', '平均風速', '平均蒸気圧', '平均湿度', '平均現地気圧']",41.0
1000,5248.111306844982,"['平均気温', '最低気温', '降水量', '降雪量', '平均風速', '平均蒸気圧', '平均湿度', '平均現地気圧']",39.0
1001,5245.082060093078,"['平均気温', '最低気温', '日照時間', '降雪量', '平均風速', '平均蒸気圧', '平均湿度', '平均現地気圧']",5.0
1002,5244.814311055965,"['平均気温', '降水量', '日照時間', '降雪量', '平均風速', '平均蒸気圧', '平均湿度', '平均現地気圧']",4.0
1003,5263.544295028735,"['最高気温', '最低気温', '降水量', '日照時間', '降雪量', '平均風速', '平均蒸気圧', '平均湿度']",142.0
1004,5334.454470003247,"['最高気温', '最低気温', '降水量', '日照時間', '降雪量', '平均風速', '平均蒸気圧', '平均現地気圧']",228.0
1005,5514.016176449257,"['最高気温', '最低気温', '降水量', '日照時間', '降雪量', '平均風速', '平均湿度', '平均現地気圧']",732.0
1006,5261.12541447856,"['最高気温', '最低気温', '降水量', '日照時間', '降雪量', '平均蒸気圧', '平均湿度', '平均現地気圧']",131.0
1007,5264.06954780873,"['最高気温', '最低気温', '降水量', '日照時間', '平均風速', '平均蒸気圧', '平均湿度', '平均現地気圧']",147.0
1008,5264.613661756382,"['最高気温', '最低気温', '降水量', '降雪量', '平均風速', '平均蒸気圧', '平均湿度', '平均現地気圧']",152.0
1009,5261.78589496735,"['最高気温', '最低気温', '日照時間', '降雪量', '平均風速', '平均蒸気圧', '平均湿度', '平均現地気圧']",132.0
1010,5316.542697029715,"['最高気温', '降水量', '日照時間', '降雪量', '平均風速', '平均蒸気圧', '平均湿度', '平均現地気圧']",169.0
1011,5314.905874828216,"['最低気温', '降水量', '日照時間', '降雪量', '平均風速', '平均蒸気圧', '平均湿度', '平均現地気圧']",165.0
1012,5248.651149404064,"['平均気温', '最高気温', '最低気温', '降水量', '日照時間', '降雪量', '平均風速', '平均蒸気圧', '平均湿度']",52.0
1013,5329.318165223765,"['平均気温', '最高気温', '最低気温', '降水量', '日照時間', '降雪量', '平均風速', '平均蒸気圧', '平均現地気圧']",201.0
1014,5507.990215514445,"['平均気温', '最高気温', '最低気温', '降水量', '日照時間', '降雪量', '平均風速', '平均湿度', '平均現地気圧']",544.0
1015,5248.312954200848,"['平均気温', '最高気温', '最低気温', '降水量', '日照時間', '降雪量', '平均蒸気圧', '平均湿度', '平均現地気圧']",47.0
1016,5249.866158457618,"['平均気温', '最高気温', '最低気温', '降水量', '日照時間', '平均風速', '平均蒸気圧', '平均湿度', '平均現地気圧']",67.0
1017,5250.099347884053,"['平均気温', '最高気温', '最低気温', '降水量', '降雪量', '平均風速', '平均蒸気圧', '平均湿度', '平均現地気圧']",75.0
1018,5246.788808049446,"['平均気温', '最高気温', '最低気温', '日照時間', '降雪量', '平均風速', '平均蒸気圧', '平均湿度', '平均現地気圧']",23.0
1019,5246.7810012949185,"['平均気温', '最高気温', '降水量', '日照時間', '降雪量', '平均風速', '平均蒸気圧', '平均湿度', '平均現地気圧']",22.0
1020,5246.555262685284,"['平均気温', '最低気温', '降水量', '日照時間', '降雪量', '平均風速', '平均蒸気圧', '平均湿度', '平均現地気圧']",18.0
1021,5262.878366653287,"['最高気温', '最低気温', '降水量', '日照時間', '降雪量', '平均風速', '平均蒸気圧', '平均湿度', '平均現地気圧']",139.0
1022,5248.256325753921,"['平均気温', '最高気温', '最低気温', '降水量', '日照時間', '降雪量', '平均風速', '平均蒸気圧', '平均湿度', '平均現地気圧']",43.0
