,BIC,combo,rank
0,5521.890123764354,['平均気温'],482.0
1,5522.246713710105,['最高気温'],488.0
2,5522.159692934321,['最低気温'],485.0
3,5521.588114606877,['降水量'],481.0
4,5519.814501561415,['日照時間'],472.0
5,5521.40410992494,['降雪量'],479.0
6,5522.75945881583,['平均風速'],493.0
7,5519.2037702603675,['平均蒸気圧'],470.0
8,5521.919566549075,['平均湿度'],483.0
9,5517.762847046634,['平均現地気圧'],463.0
10,5527.080110271609,"['平均気温', '最高気温']",535.0
11,5527.368289284155,"['平均気温', '最低気温']",549.0
12,5526.786687549568,"['平均気温', '降水量']",529.0
13,5525.094945418496,"['平均気温', '日照時間']",516.0
14,5526.62932087186,"['平均気温', '降雪量']",528.0
15,5527.782903567978,"['平均気温', '平均風速']",559.0
16,5453.447060051237,"['平均気温', '平均蒸気圧']",430.0
17,5527.46955391948,"['平均気温', '平均湿度']",550.0
18,5523.656879298956,"['平均気温', '平均現地気圧']",505.0
19,5528.061725994354,"['最高気温', '最低気温']",564.0
20,5527.013280968676,"['最高気温', '降水量']",533.0
21,5524.94628710507,"['最高気温', '日照時間']",514.0
22,5526.954991846065,"['最高気温', '降雪量']",532.0
23,5528.149333853834,"['最高気温', '平均風速']",565.0
24,5499.130775194128,"['最高気温', '平均蒸気圧']",445.0
25,5527.59993427391,"['最高気温', '平均湿度']",555.0
26,5523.584802543785,"['最高気温', '平均現地気圧']",504.0
27,5527.095926135681,"['最低気温', '降水量']",537.0
28,5525.572920759455,"['最低気温', '日照時間']",522.0
29,5526.838396155374,"['最低気温', '降雪量']",530.0
30,5528.056924458564,"['最低気温', '平均風速']",563.0
31,5415.836552899193,"['最低気温', '平均蒸気圧']",398.0
32,5527.712805339424,"['最低気温', '平均湿度']",557.0
33,5523.583553108699,"['最低気温', '平均現地気圧']",503.0
34,5525.422320150059,"['降水量', '日照時間']",520.0
35,5525.41679519668,"['降水量', '降雪量']",519.0
36,5527.485522788374,"['降水量', '平均風速']",551.0
37,5522.777823271166,"['降水量', '平均蒸気圧']",494.0
38,5527.22855912517,"['降水量', '平均湿度']",540.0
39,5523.229197614986,"['降水量', '平均現地気圧']",497.0
40,5523.893922423371,"['日照時間', '降雪量']",507.0
41,5525.071896583566,"['日照時間', '平均風速']",515.0
42,5519.300191469397,"['日照時間', '平均蒸気圧']",471.0
43,5525.390375103988,"['日照時間', '平均湿度']",518.0
44,5521.41645070092,"['日照時間', '平均現地気圧']",480.0
45,5527.272959364412,"['降雪量', '平均風速']",543.0
46,5523.443907709819,"['降雪量', '平均蒸気圧']",500.0
47,5526.1501162946615,"['降雪量', '平均湿度']",526.0
48,5522.565810141291,"['降雪量', '平均現地気圧']",490.0
49,5524.217878491605,"['平均風速', '平均蒸気圧']",509.0
50,5527.537234081707,"['平均風速', '平均湿度']",552.0
51,5523.518093148101,"['平均風速', '平均現地気圧']",501.0
52,5516.767406891408,"['平均蒸気圧', '平均湿度']",459.0
53,5512.861875725153,"['平均蒸気圧', '平均現地気圧']",452.0
54,5523.555076478554,"['平均湿度', '平均現地気圧']",502.0
55,5527.034965737993,"['平均気温', '最高気温', '最低気温']",534.0
56,5532.334063864308,"['平均気温', '最高気温', '降水量']",657.0
57,5530.523951486468,"['平均気温', '最高気温', '日照時間']",614.0
58,5531.665893812873,"['平均気温', '最高気温', '降雪量']",643.0
59,5532.884487824535,"['平均気温', '最高気温', '平均風速']",674.0
60,5412.628012359683,"['平均気温', '最高気温', '平均蒸気圧']",388.0
61,5532.981433106633,"['平均気温', '最高気温', '平均湿度']",680.0
62,5528.950516323808,"['平均気温', '最高気温', '平均現地気圧']",578.0
63,5531.7700526828285,"['平均気温', '最低気温', '降水量']",648.0
64,5523.035506807626,"['平均気温', '最低気温', '日照時間']",495.0
65,5532.193281097821,"['平均気温', '最低気温', '降雪量']",653.0
66,5533.270675784922,"['平均気温', '最低気温', '平均風速']",698.0
67,5421.236360947331,"['平均気温', '最低気温', '平均蒸気圧']",410.0
68,5531.638357059845,"['平均気温', '最低気温', '平均湿度']",642.0
69,5528.851664438064,"['平均気温', '最低気温', '平均現地気圧']",577.0
70,5530.761541743553,"['平均気温', '降水量', '日照時間']",620.0
71,5530.8926737097,"['平均気温', '降水量', '降雪量']",622.0
72,5532.666934724718,"['平均気温', '降水量', '平均風速']",665.0
73,5439.941783881666,"['平均気温', '降水量', '平均蒸気圧']",423.0
74,5532.665639310447,"['平均気温', '降水量', '平均湿度']",664.0
75,5529.121838020917,"['平均気温', '降水量', '平均現地気圧']",586.0
76,5529.394861456589,"['平均気温', '日照時間', '降雪量']",598.0
77,5529.92539438993,"['平均気温', '日照時間', '平均風速']",608.0
78,5357.409234733119,"['平均気温', '日照時間', '平均蒸気圧']",210.0
79,5529.428517165036,"['平均気温', '日照時間', '平均湿度']",601.0
80,5527.290263707419,"['平均気温', '日照時間', '平均現地気圧']",545.0
81,5532.530476485965,"['平均気温', '降雪量', '平均風速']",663.0
82,5459.346288833237,"['平均気温', '降雪量', '平均蒸気圧']",432.0
83,5531.918277692621,"['平均気温', '降雪量', '平均湿度']",650.0
84,5528.432238989958,"['平均気温', '降雪量', '平均現地気圧']",573.0
85,5444.461619858195,"['平均気温', '平均風速', '平均蒸気圧']",425.0
86,5533.096479705396,"['平均気温', '平均風速', '平均湿度']",691.0
87,5529.361615381313,"['平均気温', '平均風速', '平均現地気圧']",597.0
88,5272.326434838889,"['平均気温', '平均蒸気圧', '平均湿度']",10.0
89,5451.454062196341,"['平均気温', '平均蒸気圧', '平均現地気圧']",429.0
90,5529.402992240807,"['平均気温', '平均湿度', '平均現地気圧']",599.0
91,5532.91549845653,"['最高気温', '最低気温', '降水量']",677.0
92,5527.350566968015,"['最高気温', '最低気温', '日照時間']",548.0
93,5532.7344640530255,"['最高気温', '最低気温', '降雪量']",666.0
94,5533.959355404197,"['最高気温', '最低気温', '平均風速']",723.0
95,5421.614075620763,"['最高気温', '最低気温', '平均蒸気圧']",411.0
96,5533.392024867263,"['最高気温', '最低気温', '平均湿度']",705.0
97,5529.482220704903,"['最高気温', '最低気温', '平均現地気圧']",602.0
98,5530.616455892184,"['最高気温', '降水量', '日照時間']",616.0
99,5531.066478070427,"['最高気温', '降水量', '降雪量']",625.0
100,5532.911117665327,"['最高気温', '降水量', '平均風速']",676.0
101,5493.900022314249,"['最高気温', '降水量', '平均蒸気圧']",439.0
102,5532.821349361131,"['最高気温', '降水量', '平均湿度']",671.0
103,5529.070646815278,"['最高気温', '降水量', '平均現地気圧']",582.0
104,5529.26763629214,"['最高気温', '日照時間', '降雪量']",594.0
105,5529.6443085887495,"['最高気温', '日照時間', '平均風速']",604.0
106,5399.816144407756,"['最高気温', '日照時間', '平均蒸気圧']",351.0
107,5529.181089349305,"['最高気温', '日照時間', '平均湿度']",589.0
108,5527.314277612086,"['最高気温', '日照時間', '平均現地気圧']",546.0
109,5532.8539294593365,"['最高気温', '降雪量', '平均風速']",672.0
110,5504.742312623292,"['最高気温', '降雪量', '平均蒸気圧']",448.0
111,5531.985925472361,"['最高気温', '降雪量', '平均湿度']",651.0
112,5528.308190013381,"['最高気温', '降雪量', '平均現地気圧']",568.0
113,5498.366381491493,"['最高気温', '平均風速', '平均蒸気圧']",444.0
114,5533.206143522593,"['最高気温', '平均風速', '平均湿度']",696.0
115,5529.254501448036,"['最高気温', '平均風速', '平均現地気圧']",593.0
116,5385.122589693462,"['最高気温', '平均蒸気圧', '平均湿度']",310.0
117,5495.568526195802,"['最高気温', '平均蒸気圧', '平均現地気圧']",441.0
118,5529.325456508766,"['最高気温', '平均湿度', '平均現地気圧']",596.0
119,5531.21062312657,"['最低気温', '降水量', '日照時間']",628.0
120,5531.120726650009,"['最低気温', '降水量', '降雪量']",626.0
121,5532.98743098866,"['最低気温', '降水量', '平均風速']",681.0
122,5407.6955040555395,"['最低気温', '降水量', '平均蒸気圧']",376.0
123,5532.957711023279,"['最低気温', '降水量', '平均湿度']",679.0
124,5529.020220765674,"['最低気温', '降水量', '平均現地気圧']",579.0
125,5529.748634440183,"['最低気温', '日照時間', '降雪量']",606.0
126,5530.677152618494,"['最低気温', '日照時間', '平均風速']",618.0
127,5399.767955789151,"['最低気温', '日照時間', '平均蒸気圧']",350.0
128,5530.529427867963,"['最低気温', '日照時間', '平均湿度']",615.0
129,5526.913313162994,"['最低気温', '日照時間', '平均現地気圧']",531.0
130,5532.740846651925,"['最低気温', '降雪量', '平均風速']",667.0
131,5421.720490441894,"['最低気温', '降雪量', '平均蒸気圧']",412.0
132,5532.045294364447,"['最低気温', '降雪量', '平均湿度']",652.0
133,5528.33516742388,"['最低気温', '降雪量', '平均現地気圧']",572.0
134,5395.802115544427,"['最低気温', '平均風速', '平均蒸気圧']",340.0
135,5533.358679821139,"['最低気温', '平均風速', '平均湿度']",702.0
136,5529.204673946132,"['最低気温', '平均風速', '平均現地気圧']",591.0
137,5349.084234814378,"['最低気温', '平均蒸気圧', '平均湿度']",177.0
138,5415.242161892298,"['最低気温', '平均蒸気圧', '平均現地気圧']",396.0
139,5529.184269258455,"['最低気温', '平均湿度', '平均現地気圧']",590.0
140,5529.12860233967,"['降水量', '日照時間', '降雪量']",588.0
141,5530.767400304465,"['降水量', '日照時間', '平均風速']",621.0
142,5524.471596455955,"['降水量', '日照時間', '平均蒸気圧']",511.0
143,5530.759753736119,"['降水量', '日照時間', '平均湿度']",619.0
144,5527.285857810889,"['降水量', '日照時間', '平均現地気圧']",544.0
145,5531.311905878562,"['降水量', '降雪量', '平均風速']",631.0
146,5525.831841596855,"['降水量', '降雪量', '平均蒸気圧']",524.0
147,5531.009385963008,"['降水量', '降雪量', '平均湿度']",624.0
148,5527.611813661346,"['降水量', '降雪量', '平均現地気圧']",556.0
149,5527.774572122924,"['降水量', '平均風速', '平均蒸気圧']",558.0
150,5533.01432581411,"['降水量', '平均風速', '平均湿度']",685.0
151,5529.028683401249,"['降水量', '平均風速', '平均現地気圧']",581.0
152,5522.483788846711,"['降水量', '平均蒸気圧', '平均湿度']",489.0
153,5517.50592532721,"['降水量', '平均蒸気圧', '平均現地気圧']",461.0
154,5529.1257656540665,"['降水量', '平均湿度', '平均現地気圧']",587.0
155,5529.091940828543,"['日照時間', '降雪量', '平均風速']",583.0
156,5522.654569486402,"['日照時間', '降雪量', '平均蒸気圧']",492.0
157,5529.564223490641,"['日照時間', '降雪量', '平均湿度']",603.0
158,5525.8483450154135,"['日照時間', '降雪量', '平均現地気圧']",525.0
159,5525.1919384922885,"['日照時間', '平均風速', '平均蒸気圧']",517.0
160,5530.910955277817,"['日照時間', '平均風速', '平均湿度']",623.0
161,5527.122435464751,"['日照時間', '平均風速', '平均現地気圧']",538.0
162,5522.598816295472,"['日照時間', '平均蒸気圧', '平均湿度']",491.0
163,5512.207736069606,"['日照時間', '平均蒸気圧', '平均現地気圧']",451.0
164,5525.765384549362,"['日照時間', '平均湿度', '平均現地気圧']",523.0
165,5528.323526655492,"['降雪量', '平均風速', '平均蒸気圧']",571.0
166,5531.676790682382,"['降雪量', '平均風速', '平均湿度']",646.0
167,5528.3044433112345,"['降雪量', '平均風速', '平均現地気圧']",567.0
168,5518.917869825268,"['降雪量', '平均蒸気圧', '平均湿度']",469.0
169,5517.386298598629,"['降雪量', '平均蒸気圧', '平均現地気圧']",460.0
170,5528.235386656474,"['降雪量', '平均湿度', '平均現地気圧']",566.0
171,5522.203202783263,"['平均風速', '平均蒸気圧', '平均湿度']",487.0
172,5513.704401987552,"['平均風速', '平均蒸気圧', '平均現地気圧']",453.0
173,5529.410805493732,"['平均風速', '平均湿度', '平均現地気圧']",600.0
174,5509.47167145693,"['平均蒸気圧', '平均湿度', '平均現地気圧']",449.0
175,5531.893171759299,"['平均気温', '最高気温', '最低気温', '降水量']",649.0
176,5527.35056627205,"['平均気温', '最高気温', '最低気温', '日照時間']",547.0
177,5531.632257041087,"['平均気温', '最高気温', '最低気温', '降雪量']",641.0
178,5532.512658946074,"['平均気温', '最高気温', '最低気温', '平均風速']",662.0
179,5415.878921998095,"['平均気温', '最高気温', '最低気温', '平均蒸気圧']",399.0
180,5532.505218255098,"['平均気温', '最高気温', '最低気温', '平均湿度']",660.0
181,5527.594616080409,"['平均気温', '最高気温', '最低気温', '平均現地気圧']",554.0
182,5536.177271136758,"['平均気温', '最高気温', '降水量', '日照時間']",782.0
183,5536.411118953187,"['平均気温', '最高気温', '降水量', '降雪量']",787.0
184,5538.146532673323,"['平均気温', '最高気温', '降水量', '平均風速']",847.0
185,5403.804703086469,"['平均気温', '最高気温', '降水量', '平均蒸気圧']",357.0
186,5538.170096506511,"['平均気温', '最高気温', '降水量', '平均湿度']",849.0
187,5534.632664288847,"['平均気温', '最高気温', '降水量', '平均現地気圧']",741.0
188,5534.802530985004,"['平均気温', '最高気温', '日照時間', '降雪量']",745.0
189,5534.867929950201,"['平均気温', '最高気温', '日照時間', '平均風速']",751.0
190,5363.19860050534,"['平均気温', '最高気温', '日照時間', '平均蒸気圧']",237.0
191,5534.931918970017,"['平均気温', '最高気温', '日照時間', '平均湿度']",756.0
192,5532.806509759251,"['平均気温', '最高気温', '日照時間', '平均現地気圧']",670.0
193,5537.49615976725,"['平均気温', '最高気温', '降雪量', '平均風速']",833.0
194,5418.530056083899,"['平均気温', '最高気温', '降雪量', '平均蒸気圧']",403.0
195,5537.508412761257,"['平均気温', '最高気温', '降雪量', '平均湿度']",834.0
196,5533.5854919520625,"['平均気温', '最高気温', '降雪量', '平均現地気圧']",712.0
197,5404.1400226533115,"['平均気温', '最高気温', '平均風速', '平均蒸気圧']",362.0
198,5538.719320862724,"['平均気温', '最高気温', '平均風速', '平均湿度']",861.0
199,5534.79032679525,"['平均気温', '最高気温', '平均風速', '平均現地気圧']",744.0
200,5274.746283599551,"['平均気温', '最高気温', '平均蒸気圧', '平均湿度']",26.0
201,5409.676528177399,"['平均気温', '最高気温', '平均蒸気圧', '平均現地気圧']",381.0
202,5534.834742766846,"['平均気温', '最高気温', '平均湿度', '平均現地気圧']",748.0
203,5528.5897860360255,"['平均気温', '最低気温', '降水量', '日照時間']",575.0
204,5535.888022716136,"['平均気温', '最低気温', '降水量', '降雪量']",779.0
205,5537.671440956751,"['平均気温', '最低気温', '降水量', '平均風速']",840.0
206,5410.690993768952,"['平均気温', '最低気温', '降水量', '平均蒸気圧']",386.0
207,5536.84210177928,"['平均気温', '最低気温', '降水量', '平均湿度']",801.0
208,5533.923509870525,"['平均気温', '最低気温', '降水量', '平均現地気圧']",721.0
209,5527.156089312683,"['平均気温', '最低気温', '日照時間', '降雪量']",539.0
210,5523.197690612412,"['平均気温', '最低気温', '日照時間', '平均風速']",496.0
211,5362.899013521712,"['平均気温', '最低気温', '日照時間', '平均蒸気圧']",234.0
212,5527.980389116501,"['平均気温', '最低気温', '日照時間', '平均湿度']",560.0
213,5524.52403841266,"['平均気温', '最低気温', '日照時間', '平均現地気圧']",512.0
214,5538.094710443917,"['平均気温', '最低気温', '降雪量', '平均風速']",845.0
215,5427.0996935842695,"['平均気温', '最低気温', '降雪量', '平均蒸気圧']",418.0
216,5535.846452193024,"['平均気温', '最低気温', '降雪量', '平均湿度']",777.0
217,5533.738500959894,"['平均気温', '最低気温', '降雪量', '平均現地気圧']",714.0
218,5400.540246919996,"['平均気温', '最低気温', '平均風速', '平均蒸気圧']",352.0
219,5536.298704072321,"['平均気温', '最低気温', '平均風速', '平均湿度']",784.0
220,5534.411516123725,"['平均気温', '最低気温', '平均風速', '平均現地気圧']",735.0
221,5270.74665691635,"['平均気温', '最低気温', '平均蒸気圧', '平均湿度']",4.0
222,5420.702889506004,"['平均気温', '最低気温', '平均蒸気圧', '平均現地気圧']",407.0
223,5533.305490706961,"['平均気温', '最低気温', '平均湿度', '平均現地気圧']",699.0
224,5534.722794370764,"['平均気温', '降水量', '日照時間', '降雪量']",743.0
225,5535.7070590644325,"['平均気温', '降水量', '日照時間', '平均風速']",773.0
226,5353.209155301382,"['平均気温', '降水量', '日照時間', '平均蒸気圧']",191.0
227,5534.550185356096,"['平均気温', '降水量', '日照時間', '平均湿度']",738.0
228,5533.1600450052965,"['平均気温', '降水量', '日照時間', '平均現地気圧']",694.0
229,5536.787644378779,"['平均気温', '降水量', '降雪量', '平均風速']",796.0
230,5445.187762284304,"['平均気温', '降水量', '降雪量', '平均蒸気圧']",426.0
231,5536.71015904531,"['平均気温', '降水量', '降雪量', '平均湿度']",793.0
232,5533.4655974386615,"['平均気温', '降水量', '降雪量', '平均現地気圧']",708.0
233,5426.310306695246,"['平均気温', '降水量', '平均風速', '平均蒸気圧']",415.0
234,5538.4715682063115,"['平均気温', '降水量', '平均風速', '平均湿度']",853.0
235,5534.879529199823,"['平均気温', '降水量', '平均風速', '平均現地気圧']",752.0
236,5276.940362134425,"['平均気温', '降水量', '平均蒸気圧', '平均湿度']",45.0
237,5441.129993998838,"['平均気温', '降水量', '平均蒸気圧', '平均現地気圧']",424.0
238,5535.00783590506,"['平均気温', '降水量', '平均湿度', '平均現地気圧']",762.0
239,5534.234018575118,"['平均気温', '日照時間', '降雪量', '平均風速']",732.0
240,5363.256793863546,"['平均気温', '日照時間', '降雪量', '平均蒸気圧']",238.0
241,5534.180410489881,"['平均気温', '日照時間', '降雪量', '平均湿度']",730.0
242,5531.666669100449,"['平均気温', '日照時間', '降雪量', '平均現地気圧']",644.0
243,5362.681676014169,"['平均気温', '日照時間', '平均風速', '平均蒸気圧']",233.0
244,5534.935175473623,"['平均気温', '日照時間', '平均風速', '平均湿度']",757.0
245,5533.025064793376,"['平均気温', '日照時間', '平均風速', '平均現地気圧']",686.0
246,5271.039856891157,"['平均気温', '日照時間', '平均蒸気圧', '平均湿度']",5.0
247,5355.836079527089,"['平均気温', '日照時間', '平均蒸気圧', '平均現地気圧']",203.0
248,5531.361030633235,"['平均気温', '日照時間', '平均湿度', '平均現地気圧']",632.0
249,5450.361529398815,"['平均気温', '降雪量', '平均風速', '平均蒸気圧']",428.0
250,5537.456392101905,"['平均気温', '降雪量', '平均風速', '平均湿度']",832.0
251,5534.079498185069,"['平均気温', '降雪量', '平均風速', '平均現地気圧']",727.0
252,5274.588788446152,"['平均気温', '降雪量', '平均蒸気圧', '平均湿度']",23.0
253,5457.343492619994,"['平均気温', '降雪量', '平均蒸気圧', '平均現地気圧']",431.0
254,5533.967761741423,"['平均気温', '降雪量', '平均湿度', '平均現地気圧']",724.0
255,5271.160921791025,"['平均気温', '平均風速', '平均蒸気圧', '平均湿度']",7.0
256,5431.674254722945,"['平均気温', '平均風速', '平均蒸気圧', '平均現地気圧']",421.0
257,5535.241514343488,"['平均気温', '平均風速', '平均湿度', '平均現地気圧']",768.0
258,5271.349740791353,"['平均気温', '平均蒸気圧', '平均湿度', '平均現地気圧']",8.0
259,5532.940927824652,"['最高気温', '最低気温', '降水量', '日照時間']",678.0
260,5536.967311771678,"['最高気温', '最低気温', '降水量', '降雪量']",806.0
261,5538.81373298326,"['最高気温', '最低気温', '降水量', '平均風速']",864.0
262,5413.196459302944,"['最高気温', '最低気温', '降水量', '平均蒸気圧']",391.0
263,5538.6260126132975,"['最高気温', '最低気温', '降水量', '平均湿度']",855.0
264,5534.907464442767,"['最高気温', '最低気温', '降水量', '平均現地気圧']",754.0
265,5531.499633033822,"['最高気温', '最低気温', '日照時間', '降雪量']",636.0
266,5529.878632428465,"['最高気温', '最低気温', '日照時間', '平均風速']",607.0
267,5371.987904364474,"['最高気温', '最低気温', '日照時間', '平均蒸気圧']",273.0
268,5532.2685305529985,"['最高気温', '最低気温', '日照時間', '平均湿度']",655.0
269,5529.111372964673,"['最高気温', '最低気温', '日照時間', '平均現地気圧']",585.0
270,5538.636477770031,"['最高気温', '最低気温', '降雪量', '平均風速']",857.0
271,5427.505729620294,"['最高気温', '最低気温', '降雪量', '平均蒸気圧']",419.0
272,5537.681614389713,"['最高気温', '最低気温', '降雪量', '平均湿度']",841.0
273,5534.210546093818,"['最高気温', '最低気温', '降雪量', '平均現地気圧']",731.0
274,5401.571498533214,"['最高気温', '最低気温', '平均風速', '平均蒸気圧']",353.0
275,5538.821958759716,"['最高気温', '最低気温', '平均風速', '平均湿度']",865.0
276,5535.10722402539,"['最高気温', '最低気温', '平均風速', '平均現地気圧']",766.0
277,5284.95847806268,"['最高気温', '最低気温', '平均蒸気圧', '平均湿度']",116.0
278,5420.9299054879775,"['最高気温', '最低気温', '平均蒸気圧', '平均現地気圧']",408.0
279,5534.975560457589,"['最高気温', '最低気温', '平均湿度', '平均現地気圧']",760.0
280,5534.605520588352,"['最高気温', '降水量', '日照時間', '降雪量']",740.0
281,5535.436244465997,"['最高気温', '降水量', '日照時間', '平均風速']",770.0
282,5398.847277647699,"['最高気温', '降水量', '日照時間', '平均蒸気圧']",346.0
283,5534.287019575936,"['最高気温', '降水量', '日照時間', '平均湿度']",733.0
284,5533.183933984938,"['最高気温', '降水量', '日照時間', '平均現地気圧']",695.0
285,5536.968814813268,"['最高気温', '降水量', '降雪量', '平均風速']",807.0
286,5498.319892811961,"['最高気温', '降水量', '降雪量', '平均蒸気圧']",443.0
287,5536.796583648177,"['最高気温', '降水量', '降雪量', '平均湿度']",799.0
288,5533.377073582859,"['最高気温', '降水量', '降雪量', '平均現地気圧']",703.0
289,5490.934924836359,"['最高気温', '降水量', '平均風速', '平均蒸気圧']",436.0
290,5538.6094645851645,"['最高気温', '降水量', '平均風速', '平均湿度']",854.0
291,5534.8056871965155,"['最高気温', '降水量', '平均風速', '平均現地気圧']",746.0
292,5390.411871294557,"['最高気温', '降水量', '平均蒸気圧', '平均湿度']",330.0
293,5493.064769927208,"['最高気温', '降水量', '平均蒸気圧', '平均現地気圧']",438.0
294,5534.951797410554,"['最高気温', '降水量', '平均湿度', '平均現地気圧']",758.0
295,5533.9833360902385,"['最高気温', '日照時間', '降雪量', '平均風速']",725.0
296,5405.283491197385,"['最高気温', '日照時間', '降雪量', '平均蒸気圧']",369.0
297,5533.952929580833,"['最高気温', '日照時間', '降雪量', '平均湿度']",722.0
298,5531.716588390629,"['最高気温', '日照時間', '降雪量', '平均現地気圧']",647.0
299,5404.993452812156,"['最高気温', '日照時間', '平均風速', '平均蒸気圧']",368.0
300,5534.590875862728,"['最高気温', '日照時間', '平均風速', '平均湿度']",739.0
301,5533.009200812785,"['最高気温', '日照時間', '平均風速', '平均現地気圧']",684.0
302,5352.024945542632,"['最高気温', '日照時間', '平均蒸気圧', '平均湿度']",188.0
303,5398.308977076048,"['最高気温', '日照時間', '平均蒸気圧', '平均現地気圧']",343.0
304,5531.249695031669,"['最高気温', '日照時間', '平均湿度', '平均現地気圧']",630.0
305,5503.953458121541,"['最高気温', '降雪量', '平均風速', '平均蒸気圧']",447.0
306,5537.508626617579,"['最高気温', '降雪量', '平均風速', '平均湿度']",835.0
307,5533.918442610294,"['最高気温', '降雪量', '平均風速', '平均現地気圧']",720.0
308,5385.957832041712,"['最高気温', '降雪量', '平均蒸気圧', '平均湿度']",312.0
309,5501.244693325064,"['最高気温', '降雪量', '平均蒸気圧', '平均現地気圧']",446.0
310,5533.8599827109965,"['最高気温', '降雪量', '平均湿度', '平均現地気圧']",717.0
311,5380.513144545224,"['最高気温', '平均風速', '平均蒸気圧', '平均湿度']",297.0
312,5487.0496831037135,"['最高気温', '平均風速', '平均蒸気圧', '平均現地気圧']",434.0
313,5535.144028382791,"['最高気温', '平均風速', '平均湿度', '平均現地気圧']",767.0
314,5383.4276593009245,"['最高気温', '平均蒸気圧', '平均湿度', '平均現地気圧']",304.0
315,5535.013185912016,"['最低気温', '降水量', '日照時間', '降雪量']",763.0
316,5536.418932155784,"['最低気温', '降水量', '日照時間', '平均風速']",788.0
317,5398.833419030233,"['最低気温', '降水量', '日照時間', '平均蒸気圧']",345.0
318,5535.7482107540045,"['最低気温', '降水量', '日照時間', '平均湿度']",775.0
319,5532.783093335965,"['最低気温', '降水量', '日照時間', '平均現地気圧']",669.0
320,5537.021784568508,"['最低気温', '降水量', '降雪量', '平均風速']",809.0
321,5413.155662457046,"['最低気温', '降水量', '降雪量', '平均蒸気圧']",390.0
322,5536.884860971319,"['最低気温', '降水量', '降雪量', '平均湿度']",803.0
323,5533.311035277189,"['最低気温', '降水量', '降雪量', '平均現地気圧']",700.0
324,5383.8314236784645,"['最低気温', '降水量', '平均風速', '平均蒸気圧']",306.0
325,5538.774264197283,"['最低気温', '降水量', '平均風速', '平均湿度']",863.0
326,5534.692565021158,"['最低気温', '降水量', '平均風速', '平均現地気圧']",742.0
327,5354.1549768606665,"['最低気温', '降水量', '平均蒸気圧', '平均湿度']",198.0
328,5409.399549082047,"['最低気温', '降水量', '平均蒸気圧', '平均現地気圧']",380.0
329,5534.837574061163,"['最低気温', '降水量', '平均湿度', '平均現地気圧']",749.0
330,5534.8448914915,"['最低気温', '日照時間', '降雪量', '平均風速']",750.0
331,5405.566670627477,"['最低気温', '日照時間', '降雪量', '平均蒸気圧']",370.0
332,5535.072178754757,"['最低気温', '日照時間', '降雪量', '平均湿度']",765.0
333,5531.168741723014,"['最低気温', '日照時間', '降雪量', '平均現地気圧']",627.0
334,5393.037167679452,"['最低気温', '日照時間', '平均風速', '平均蒸気圧']",338.0
335,5536.124854059926,"['最低気温', '日照時間', '平均風速', '平均湿度']",780.0
336,5532.749885810964,"['最低気温', '日照時間', '平均風速', '平均現地気圧']",668.0
337,5345.053927768435,"['最低気温', '日照時間', '平均蒸気圧', '平均湿度']",166.0
338,5398.522520789768,"['最低気温', '日照時間', '平均蒸気圧', '平均現地気圧']",344.0
339,5531.667699481298,"['最低気温', '日照時間', '平均湿度', '平均現地気圧']",645.0
340,5401.6903458400175,"['最低気温', '降雪量', '平均風速', '平均蒸気圧']",355.0
341,5537.578834592808,"['最低気温', '降雪量', '平均風速', '平均湿度']",837.0
342,5533.89320883407,"['最低気温', '降雪量', '平均風速', '平均現地気圧']",719.0
343,5353.2351196961845,"['最低気温', '降雪量', '平均蒸気圧', '平均湿度']",192.0
344,5421.108986468271,"['最低気温', '降雪量', '平均蒸気圧', '平均現地気圧']",409.0
345,5533.621569028849,"['最低気温', '降雪量', '平均湿度', '平均現地気圧']",713.0
346,5352.602241535835,"['最低気温', '平均風速', '平均蒸気圧', '平均湿度']",190.0
347,5381.674565016175,"['最低気温', '平均風速', '平均蒸気圧', '平均現地気圧']",300.0
348,5535.025020494707,"['最低気温', '平均風速', '平均湿度', '平均現地気圧']",764.0
349,5348.087377610323,"['最低気温', '平均蒸気圧', '平均湿度', '平均現地気圧']",174.0
350,5534.462568964849,"['降水量', '日照時間', '降雪量', '平均風速']",736.0
351,5527.094543909979,"['降水量', '日照時間', '降雪量', '平均蒸気圧']",536.0
352,5534.498365060385,"['降水量', '日照時間', '降雪量', '平均湿度']",737.0
353,5531.5542755682845,"['降水量', '日照時間', '降雪量', '平均現地気圧']",638.0
354,5530.373481542567,"['降水量', '日照時間', '平均風速', '平均蒸気圧']",612.0
355,5536.46953396233,"['降水量', '日照時間', '平均風速', '平均湿度']",789.0
356,5533.003963074702,"['降水量', '日照時間', '平均風速', '平均現地気圧']",683.0
357,5528.311447646125,"['降水量', '日照時間', '平均蒸気圧', '平均湿度']",569.0
358,5517.975595499445,"['降水量', '日照時間', '平均蒸気圧', '平均現地気圧']",466.0
359,5531.422563924637,"['降水量', '日照時間', '平均湿度', '平均現地気圧']",634.0
360,5530.639245253848,"['降水量', '降雪量', '平均風速', '平均蒸気圧']",617.0
361,5536.781624919691,"['降水量', '降雪量', '平均風速', '平均湿度']",795.0
362,5533.413169586386,"['降水量', '降雪量', '平均風速', '平均現地気圧']",706.0
363,5524.237593528368,"['降水量', '降雪量', '平均蒸気圧', '平均湿度']",510.0
364,5521.212653076251,"['降水量', '降雪量', '平均蒸気圧', '平均現地気圧']",477.0
365,5533.49341290899,"['降水量', '降雪量', '平均湿度', '平均現地気圧']",709.0
366,5528.040405334979,"['降水量', '平均風速', '平均蒸気圧', '平均湿度']",562.0
367,5518.521417225065,"['降水量', '平均風速', '平均蒸気圧', '平均現地気圧']",468.0
368,5534.890515434843,"['降水量', '平均風速', '平均湿度', '平均現地気圧']",753.0
369,5515.3634788401505,"['降水量', '平均蒸気圧', '平均湿度', '平均現地気圧']",456.0
370,5528.546183704134,"['日照時間', '降雪量', '平均風速', '平均蒸気圧']",574.0
371,5534.976786313563,"['日照時間', '降雪量', '平均風速', '平均湿度']",761.0
372,5531.50949998613,"['日照時間', '降雪量', '平均風速', '平均現地気圧']",637.0
373,5524.800583506149,"['日照時間', '降雪量', '平均蒸気圧', '平均湿度']",513.0
374,5515.873882951293,"['日照時間', '降雪量', '平均蒸気圧', '平均現地気圧']",457.0
375,5530.451234857372,"['日照時間', '降雪量', '平均湿度', '平均現地気圧']",613.0
376,5528.019540357405,"['日照時間', '平均風速', '平均蒸気圧', '平均湿度']",561.0
377,5516.558036734851,"['日照時間', '平均風速', '平均蒸気圧', '平均現地気圧']",458.0
378,5531.616901790776,"['日照時間', '平均風速', '平均湿度', '平均現地気圧']",639.0
379,5515.277865320248,"['日照時間', '平均蒸気圧', '平均湿度', '平均現地気圧']",455.0
380,5524.146717842912,"['降雪量', '平均風速', '平均蒸気圧', '平均湿度']",508.0
381,5517.984758666934,"['降雪量', '平均風速', '平均蒸気圧', '平均現地気圧']",467.0
382,5534.126826382869,"['降雪量', '平均風速', '平均湿度', '平均現地気圧']",728.0
383,5511.952823896308,"['降雪量', '平均蒸気圧', '平均湿度', '平均現地気圧']",450.0
384,5514.87995821416,"['平均風速', '平均蒸気圧', '平均湿度', '平均現地気圧']",454.0
385,5532.899800532283,"['平均気温', '最高気温', '最低気温', '降水量', '日照時間']",675.0
386,5535.851690688229,"['平均気温', '最高気温', '最低気温', '降水量', '降雪量']",778.0
387,5537.376950998656,"['平均気温', '最高気温', '最低気温', '降水量', '平均風速']",825.0
388,5406.942720323164,"['平均気温', '最高気温', '最低気温', '降水量', '平均蒸気圧']",372.0
389,5537.684362579297,"['平均気温', '最高気温', '最低気温', '降水量', '平均湿度']",842.0
390,5533.067062788163,"['平均気温', '最高気温', '最低気温', '降水量', '平均現地気圧']",689.0
391,5531.460446641591,"['平均気温', '最高気温', '最低気温', '日照時間', '降雪量']",635.0
392,5527.562094592263,"['平均気温', '最高気温', '最低気温', '日照時間', '平均風速']",553.0
393,5368.797541033061,"['平均気温', '最高気温', '最低気温', '日照時間', '平均蒸気圧']",263.0
394,5532.337597050446,"['平均気温', '最高気温', '最低気温', '日照時間', '平均湿度']",658.0
395,5528.313461929288,"['平均気温', '最高気温', '最低気温', '日照時間', '平均現地気圧']",570.0
396,5537.166247636154,"['平均気温', '最高気温', '最低気温', '降雪量', '平均風速']",816.0
397,5421.7737022478195,"['平均気温', '最高気温', '最低気温', '降雪量', '平均蒸気圧']",413.0
398,5536.755826840909,"['平均気温', '最高気温', '最低気温', '降雪量', '平均湿度']",794.0
399,5532.24970913244,"['平均気温', '最高気温', '最低気温', '降雪量', '平均現地気圧']",654.0
400,5401.572808248399,"['平均気温', '最高気温', '最低気温', '平均風速', '平均蒸気圧']",354.0
401,5536.543616218585,"['平均気温', '最高気温', '最低気温', '平均風速', '平均湿度']",790.0
402,5533.495446713461,"['平均気温', '最高気温', '最低気温', '平均風速', '平均現地気圧']",710.0
403,5276.6259294762085,"['平均気温', '最高気温', '最低気温', '平均蒸気圧', '平均湿度']",40.0
404,5413.737928213835,"['平均気温', '最高気温', '最低気温', '平均蒸気圧', '平均現地気圧']",393.0
405,5533.2234756923035,"['平均気温', '最高気温', '最低気温', '平均湿度', '平均現地気圧']",697.0
406,5540.106068104124,"['平均気温', '最高気温', '降水量', '日照時間', '降雪量']",910.0
407,5540.659887434148,"['平均気温', '最高気温', '降水量', '日照時間', '平均風速']",925.0
408,5359.007060494421,"['平均気温', '最高気温', '降水量', '日照時間', '平均蒸気圧']",218.0
409,5540.046124840481,"['平均気温', '最高気温', '降水量', '日照時間', '平均湿度']",909.0
410,5538.670310400097,"['平均気温', '最高気温', '降水量', '日照時間', '平均現地気圧']",858.0
411,5542.255275939383,"['平均気温', '最高気温', '降水量', '降雪量', '平均風速']",948.0
412,5409.167780791235,"['平均気温', '最高気温', '降水量', '降雪量', '平均蒸気圧']",378.0
413,5542.302856461983,"['平均気温', '最高気温', '降水量', '降雪量', '平均湿度']",949.0
414,5538.94939947635,"['平均気温', '最高気温', '降水量', '降雪量', '平均現地気圧']",874.0
415,5391.241271331212,"['平均気温', '最高気温', '降水量', '平均風速', '平均蒸気圧']",332.0
416,5544.040315132033,"['平均気温', '最高気温', '降水量', '平均風速', '平均湿度']",980.0
417,5540.479815599209,"['平均気温', '最高気温', '降水量', '平均風速', '平均現地気圧']",918.0
418,5279.321463283246,"['平均気温', '最高気温', '降水量', '平均蒸気圧', '平均湿度']",69.0
419,5403.855995302438,"['平均気温', '最高気温', '降水量', '平均蒸気圧', '平均現地気圧']",359.0
420,5540.437760868463,"['平均気温', '最高気温', '降水量', '平均湿度', '平均現地気圧']",917.0
421,5539.147487878226,"['平均気温', '最高気温', '日照時間', '降雪量', '平均風速']",882.0
422,5369.049000886418,"['平均気温', '最高気温', '日照時間', '降雪量', '平均蒸気圧']",266.0
423,5539.656164533705,"['平均気温', '最高気温', '日照時間', '降雪量', '平均湿度']",901.0
424,5537.16319404185,"['平均気温', '最高気温', '日照時間', '降雪量', '平均現地気圧']",815.0
425,5368.262091644385,"['平均気温', '最高気温', '日照時間', '平均風速', '平均蒸気圧']",259.0
426,5540.11882339457,"['平均気温', '最高気温', '日照時間', '平均風速', '平均湿度']",911.0
427,5538.339835949069,"['平均気温', '最高気温', '日照時間', '平均風速', '平均現地気圧']",851.0
428,5276.781798712682,"['平均気温', '最高気温', '日照時間', '平均蒸気圧', '平均湿度']",42.0
429,5361.540423359468,"['平均気温', '最高気温', '日照時間', '平均蒸気圧', '平均現地気圧']",227.0
430,5536.952203111928,"['平均気温', '最高気温', '日照時間', '平均湿度', '平均現地気圧']",805.0
431,5410.042315395007,"['平均気温', '最高気温', '降雪量', '平均風速', '平均蒸気圧']",384.0
432,5543.162985177841,"['平均気温', '最高気温', '降雪量', '平均風速', '平均湿度']",973.0
433,5539.40231398122,"['平均気温', '最高気温', '降雪量', '平均風速', '平均現地気圧']",892.0
434,5277.357285037358,"['平均気温', '最高気温', '降雪量', '平均蒸気圧', '平均湿度']",50.0
435,5415.572126010933,"['平均気温', '最高気温', '降雪量', '平均蒸気圧', '平均現地気圧']",397.0
436,5539.4834453371905,"['平均気温', '最高気温', '降雪量', '平均湿度', '平均現地気圧']",895.0
437,5275.180365878124,"['平均気温', '最高気温', '平均風速', '平均蒸気圧', '平均湿度']",28.0
438,5389.94758172608,"['平均気温', '最高気温', '平均風速', '平均蒸気圧', '平均現地気圧']",328.0
439,5540.5564277512185,"['平均気温', '最高気温', '平均風速', '平均湿度', '平均現地気圧']",920.0
440,5273.41262971361,"['平均気温', '最高気温', '平均蒸気圧', '平均湿度', '平均現地気圧']",14.0
441,5532.283153478307,"['平均気温', '最低気温', '降水量', '日照時間', '降雪量']",656.0
442,5529.025332975937,"['平均気温', '最低気温', '降水量', '日照時間', '平均風速']",580.0
443,5358.632050171245,"['平均気温', '最低気温', '降水量', '日照時間', '平均蒸気圧']",217.0
444,5533.059066708396,"['平均気温', '最低気温', '降水量', '日照時間', '平均湿度']",688.0
445,5530.3577611929495,"['平均気温', '最低気温', '降水量', '日照時間', '平均現地気圧']",611.0
446,5541.789958718072,"['平均気温', '最低気温', '降水量', '降雪量', '平均風速']",942.0
447,5416.226166770831,"['平均気温', '最低気温', '降水量', '降雪量', '平均蒸気圧']",400.0
448,5540.613587462555,"['平均気温', '最低気温', '降水量', '降雪量', '平均湿度']",923.0
449,5538.285560582864,"['平均気温', '最低気温', '降水量', '降雪量', '平均現地気圧']",850.0
450,5384.649571377371,"['平均気温', '最低気温', '降水量', '平均風速', '平均蒸気圧']",309.0
451,5541.916262805791,"['平均気温', '最低気温', '降水量', '平均風速', '平均湿度']",943.0
452,5539.544840000331,"['平均気温', '最低気温', '降水量', '平均風速', '平均現地気圧']",899.0
453,5275.306475248879,"['平均気温', '最低気温', '降水量', '平均蒸気圧', '平均湿度']",30.0
454,5412.755540247487,"['平均気温', '最低気温', '降水量', '平均蒸気圧', '平均現地気圧']",389.0
455,5538.926854480906,"['平均気温', '最低気温', '降水量', '平均湿度', '平均現地気圧']",870.0
456,5527.2713999369935,"['平均気温', '最低気温', '日照時間', '降雪量', '平均風速']",542.0
457,5368.759709873424,"['平均気温', '最低気温', '日照時間', '降雪量', '平均蒸気圧']",262.0
458,5532.475824675305,"['平均気温', '最低気温', '日照時間', '降雪量', '平均湿度']",659.0
459,5528.7245342073475,"['平均気温', '最低気温', '日照時間', '降雪量', '平均現地気圧']",576.0
460,5367.278071888684,"['平均気温', '最低気温', '日照時間', '平均風速', '平均蒸気圧']",250.0
461,5529.09418137041,"['平均気温', '最低気温', '日照時間', '平均風速', '平均湿度']",584.0
462,5527.246325093976,"['平均気温', '最低気温', '日照時間', '平均風速', '平均現地気圧']",541.0
463,5274.454754811899,"['平均気温', '最低気温', '日照時間', '平均蒸気圧', '平均湿度']",21.0
464,5361.4750394445755,"['平均気温', '最低気温', '日照時間', '平均蒸気圧', '平均現地気圧']",226.0
465,5529.268998723614,"['平均気温', '最低気温', '日照時間', '平均湿度', '平均現地気圧']",595.0
466,5406.397387640858,"['平均気温', '最低気温', '降雪量', '平均風速', '平均蒸気圧']",371.0
467,5540.187682566988,"['平均気温', '最低気温', '降雪量', '平均風速', '平均湿度']",912.0
468,5539.240614326716,"['平均気温', '最低気温', '降雪量', '平均風速', '平均現地気圧']",886.0
469,5273.607678668359,"['平均気温', '最低気温', '降雪量', '平均蒸気圧', '平均湿度']",16.0
470,5426.544564223076,"['平均気温', '最低気温', '降雪量', '平均蒸気圧', '平均現地気圧']",416.0
471,5537.626168397041,"['平均気温', '最低気温', '降雪量', '平均湿度', '平均現地気圧']",839.0
472,5273.467593021715,"['平均気温', '最低気温', '平均風速', '平均蒸気圧', '平均湿度']",15.0
473,5386.344846416281,"['平均気温', '最低気温', '平均風速', '平均蒸気圧', '平均現地気圧']",313.0
474,5539.0975871342725,"['平均気温', '最低気温', '平均風速', '平均湿度', '平均現地気圧']",879.0
475,5270.308076614201,"['平均気温', '最低気温', '平均蒸気圧', '平均湿度', '平均現地気圧']",3.0
476,5539.752504255277,"['平均気温', '降水量', '日照時間', '降雪量', '平均風速']",903.0
477,5358.370732238676,"['平均気温', '降水量', '日照時間', '降雪量', '平均蒸気圧']",214.0
478,5538.92936380685,"['平均気温', '降水量', '日照時間', '降雪量', '平均湿度']",871.0
479,5537.368753345301,"['平均気温', '降水量', '日照時間', '降雪量', '平均現地気圧']",824.0
480,5357.286174870187,"['平均気温', '降水量', '日照時間', '平均風速', '平均蒸気圧']",209.0
481,5540.286625379178,"['平均気温', '降水量', '日照時間', '平均風速', '平均湿度']",915.0
482,5538.906559286843,"['平均気温', '降水量', '日照時間', '平均風速', '平均現地気圧']",869.0
483,5275.505291006638,"['平均気温', '降水量', '日照時間', '平均蒸気圧', '平均湿度']",32.0
484,5353.888692591402,"['平均気温', '降水量', '日照時間', '平均蒸気圧', '平均現地気圧']",197.0
485,5536.916410983647,"['平均気温', '降水量', '日照時間', '平均湿度', '平均現地気圧']",804.0
486,5431.3594926385285,"['平均気温', '降水量', '降雪量', '平均風速', '平均蒸気圧']",420.0
487,5542.49740907447,"['平均気温', '降水量', '降雪量', '平均風速', '平均湿度']",950.0
488,5539.188710724013,"['平均気温', '降水量', '降雪量', '平均風速', '平均現地気圧']",883.0
489,5278.3181641868905,"['平均気温', '降水量', '降雪量', '平均蒸気圧', '平均湿度']",61.0
490,5446.541280114442,"['平均気温', '降水量', '降雪量', '平均蒸気圧', '平均現地気圧']",427.0
491,5539.301471951476,"['平均気温', '降水量', '降雪量', '平均湿度', '平均現地気圧']",889.0
492,5276.870344697444,"['平均気温', '降水量', '平均風速', '平均蒸気圧', '平均湿度']",44.0
493,5417.9845807256615,"['平均気温', '降水量', '平均風速', '平均蒸気圧', '平均現地気圧']",401.0
494,5540.758767960731,"['平均気温', '降水量', '平均風速', '平均湿度', '平均現地気圧']",927.0
495,5276.688299534648,"['平均気温', '降水量', '平均蒸気圧', '平均湿度', '平均現地気圧']",41.0
496,5368.532054024647,"['平均気温', '日照時間', '降雪量', '平均風速', '平均蒸気圧']",261.0
497,5539.59879816879,"['平均気温', '日照時間', '降雪量', '平均風速', '平均湿度']",900.0
498,5537.399247094071,"['平均気温', '日照時間', '降雪量', '平均風速', '平均現地気圧']",828.0
499,5273.922843890382,"['平均気温', '日照時間', '降雪量', '平均蒸気圧', '平均湿度']",19.0
500,5361.706610218244,"['平均気温', '日照時間', '降雪量', '平均蒸気圧', '平均現地気圧']",229.0
501,5536.216198100148,"['平均気温', '日照時間', '降雪量', '平均湿度', '平均現地気圧']",783.0
502,5268.960667290212,"['平均気温', '日照時間', '平均風速', '平均蒸気圧', '平均湿度']",1.0
503,5358.242457061627,"['平均気温', '日照時間', '平均風速', '平均蒸気圧', '平均現地気圧']",213.0
504,5537.243574782138,"['平均気温', '日照時間', '平均風速', '平均湿度', '平均現地気圧']",819.0
505,5270.000188905217,"['平均気温', '日照時間', '平均蒸気圧', '平均湿度', '平均現地気圧']",2.0
506,5272.633961971745,"['平均気温', '降雪量', '平均風速', '平均蒸気圧', '平均湿度']",11.0
507,5437.556724180006,"['平均気温', '降雪量', '平均風速', '平均蒸気圧', '平均現地気圧']",422.0
508,5539.844309546516,"['平均気温', '降雪量', '平均風速', '平均湿度', '平均現地気圧']",905.0
509,5273.822082512409,"['平均気温', '降雪量', '平均蒸気圧', '平均湿度', '平均現地気圧']",18.0
510,5274.012685861492,"['平均気温', '平均風速', '平均蒸気圧', '平均湿度', '平均現地気圧']",20.0
511,5536.686223831216,"['最高気温', '最低気温', '降水量', '日照時間', '降雪量']",792.0
512,5535.680886761206,"['最高気温', '最低気温', '降水量', '日照時間', '平均風速']",772.0
513,5368.20874135142,"['最高気温', '最低気温', '降水量', '日照時間', '平均蒸気圧']",258.0
514,5537.398173263873,"['最高気温', '最低気温', '降水量', '日照時間', '平均湿度']",827.0
515,5534.9567703488065,"['最高気温', '最低気温', '降水量', '日照時間', '平均現地気圧']",759.0
516,5542.869889861481,"['最高気温', '最低気温', '降水量', '降雪量', '平均風速']",961.0
517,5418.688749569589,"['最高気温', '最低気温', '降水量', '降雪量', '平均蒸気圧']",404.0
518,5542.499413255325,"['最高気温', '最低気温', '降水量', '降雪量', '平均湿度']",952.0
519,5539.207034207546,"['最高気温', '最低気温', '降水量', '降雪量', '平均現地気圧']",884.0
520,5387.216905683052,"['最高気温', '最低気温', '降水量', '平均風速', '平均蒸気圧']",318.0
521,5544.305220792584,"['最高気温', '最低気温', '降水量', '平均風速', '平均湿度']",982.0
522,5540.5617170620335,"['最高気温', '最低気温', '降水量', '平均風速', '平均現地気圧']",921.0
523,5289.651554940791,"['最高気温', '最低気温', '降水量', '平均蒸気圧', '平均湿度']",134.0
524,5415.084201725147,"['最高気温', '最低気温', '降水量', '平均蒸気圧', '平均現地気圧']",395.0
525,5540.620531049315,"['最高気温', '最低気温', '降水量', '平均湿度', '平均現地気圧']",924.0
526,5533.999230819903,"['最高気温', '最低気温', '日照時間', '降雪量', '平均風速']",726.0
527,5377.852048781,"['最高気温', '最低気温', '日照時間', '降雪量', '平均蒸気圧']",291.0
528,5536.79511240856,"['最高気温', '最低気温', '日照時間', '降雪量', '平均湿度']",798.0
529,5533.338325633733,"['最高気温', '最低気温', '日照時間', '降雪量', '平均現地気圧']",701.0
530,5374.59380393182,"['最高気温', '最低気温', '日照時間', '平均風速', '平均蒸気圧']",282.0
531,5535.727059733563,"['最高気温', '最低気温', '日照時間', '平均風速', '平均湿度']",774.0
532,5533.581668622736,"['最高気温', '最低気温', '日照時間', '平均風速', '平均現地気圧']",711.0
533,5287.221890470126,"['最高気温', '最低気温', '日照時間', '平均蒸気圧', '平均湿度']",126.0
534,5371.805459958188,"['最高気温', '最低気温', '日照時間', '平均蒸気圧', '平均現地気圧']",271.0
535,5533.835225906354,"['最高気温', '最低気温', '日照時間', '平均湿度', '平均現地気圧']",715.0
536,5407.450335857635,"['最高気温', '最低気温', '降雪量', '平均風速', '平均蒸気圧']",373.0
537,5542.926576306257,"['最高気温', '最低気温', '降雪量', '平均風速', '平均湿度']",962.0
538,5539.7879897480125,"['最高気温', '最低気温', '降雪量', '平均風速', '平均現地気圧']",904.0
539,5287.946562912148,"['最高気温', '最低気温', '降雪量', '平均蒸気圧', '平均湿度']",129.0
540,5426.810707459509,"['最高気温', '最低気温', '降雪量', '平均蒸気圧', '平均現地気圧']",417.0
541,5539.3818577609845,"['最高気温', '最低気温', '降雪量', '平均湿度', '平均現地気圧']",891.0
542,5290.237381688107,"['最高気温', '最低気温', '平均風速', '平均蒸気圧', '平均湿度']",135.0
543,5387.432121685956,"['最高気温', '最低気温', '平均風速', '平均蒸気圧', '平均現地気圧']",320.0
544,5540.858971030985,"['最高気温', '最低気温', '平均風速', '平均湿度', '平均現地気圧']",928.0
545,5285.969110520857,"['最高気温', '最低気温', '平均蒸気圧', '平均湿度', '平均現地気圧']",122.0
546,5539.524128578251,"['最高気温', '降水量', '日照時間', '降雪量', '平均風速']",897.0
547,5403.315309476288,"['最高気温', '降水量', '日照時間', '降雪量', '平均蒸気圧']",356.0
548,5538.6843199336645,"['最高気温', '降水量', '日照時間', '降雪量', '平均湿度']",860.0
549,5537.4208560999305,"['最高気温', '降水量', '日照時間', '降雪量', '平均現地気圧']",831.0
550,5404.52330239645,"['最高気温', '降水量', '日照時間', '平均風速', '平均蒸気圧']",365.0
551,5539.9548272858265,"['最高気温', '降水量', '日照時間', '平均風速', '平均湿度']",908.0
552,5538.891713656039,"['最高気温', '降水量', '日照時間', '平均風速', '平均現地気圧']",868.0
553,5356.936539315909,"['最高気温', '降水量', '日照時間', '平均蒸気圧', '平均湿度']",206.0
554,5399.20042143608,"['最高気温', '降水量', '日照時間', '平均蒸気圧', '平均現地気圧']",348.0
555,5536.787924639239,"['最高気温', '降水量', '日照時間', '平均湿度', '平均現地気圧']",797.0
556,5495.114885061777,"['最高気温', '降水量', '降雪量', '平均風速', '平均蒸気圧']",440.0
557,5542.570844705871,"['最高気温', '降水量', '降雪量', '平均風速', '平均湿度']",953.0
558,5539.082676788658,"['最高気温', '降水量', '降雪量', '平均風速', '平均現地気圧']",878.0
559,5390.4768952376935,"['最高気温', '降水量', '降雪量', '平均蒸気圧', '平均湿度']",331.0
560,5497.794006076077,"['最高気温', '降水量', '降雪量', '平均蒸気圧', '平均現地気圧']",442.0
561,5539.21613276777,"['最高気温', '降水量', '降雪量', '平均湿度', '平均現地気圧']",885.0
562,5386.405895749304,"['最高気温', '降水量', '平均風速', '平均蒸気圧', '平均湿度']",314.0
563,5482.948608533197,"['最高気温', '降水量', '平均風速', '平均蒸気圧', '平均現地気圧']",433.0
564,5540.678518525265,"['最高気温', '降水量', '平均風速', '平均湿度', '平均現地気圧']",926.0
565,5389.189625916441,"['最高気温', '降水量', '平均蒸気圧', '平均湿度', '平均現地気圧']",324.0
566,5410.46650405382,"['最高気温', '日照時間', '降雪量', '平均風速', '平均蒸気圧']",385.0
567,5539.280923621015,"['最高気温', '日照時間', '降雪量', '平均風速', '平均湿度']",887.0
568,5537.411758188585,"['最高気温', '日照時間', '降雪量', '平均風速', '平均現地気圧']",829.0
569,5354.331998721365,"['最高気温', '日照時間', '降雪量', '平均蒸気圧', '平均湿度']",199.0
570,5403.847752238152,"['最高気温', '日照時間', '降雪量', '平均蒸気圧', '平均現地気圧']",358.0
571,5536.131050953324,"['最高気温', '日照時間', '降雪量', '平均湿度', '平均現地気圧']",781.0
572,5339.590636473578,"['最高気温', '日照時間', '平均風速', '平均蒸気圧', '平均湿度']",161.0
573,5404.192932583423,"['最高気温', '日照時間', '平均風速', '平均蒸気圧', '平均現地気圧']",363.0
574,5537.143992373989,"['最高気温', '日照時間', '平均風速', '平均湿度', '平均現地気圧']",814.0
575,5351.055917052505,"['最高気温', '日照時間', '平均蒸気圧', '平均湿度', '平均現地気圧']",182.0
576,5380.095645131907,"['最高気温', '降雪量', '平均風速', '平均蒸気圧', '平均湿度']",294.0
577,5492.718681042408,"['最高気温', '降雪量', '平均風速', '平均蒸気圧', '平均現地気圧']",437.0
578,5539.721944434686,"['最高気温', '降雪量', '平均風速', '平均湿度', '平均現地気圧']",902.0
579,5384.561405378313,"['最高気温', '降雪量', '平均蒸気圧', '平均湿度', '平均現地気圧']",308.0
580,5383.819389009605,"['最高気温', '平均風速', '平均蒸気圧', '平均湿度', '平均現地気圧']",305.0
581,5540.277848109561,"['最低気温', '降水量', '日照時間', '降雪量', '平均風速']",914.0
582,5404.029745757642,"['最低気温', '降水量', '日照時間', '降雪量', '平均蒸気圧']",361.0
583,5539.908932554278,"['最低気温', '降水量', '日照時間', '降雪量', '平均湿度']",907.0
584,5536.860948880554,"['最低気温', '降水量', '日照時間', '降雪量', '平均現地気圧']",802.0
585,5386.941846870515,"['最低気温', '降水量', '日照時間', '平均風速', '平均蒸気圧']",316.0
586,5541.536341115299,"['最低気温', '降水量', '日照時間', '平均風速', '平均湿度']",938.0
587,5538.627200779599,"['最低気温', '降水量', '日照時間', '平均風速', '平均現地気圧']",856.0
588,5350.162586334392,"['最低気温', '降水量', '日照時間', '平均蒸気圧', '平均湿度']",179.0
589,5399.418053118391,"['最低気温', '降水量', '日照時間', '平均蒸気圧', '平均現地気圧']",349.0
590,5537.316167875992,"['最低気温', '降水量', '日照時間', '平均湿度', '平均現地気圧']",823.0
591,5389.108359926171,"['最低気温', '降水量', '降雪量', '平均風速', '平均蒸気圧']",323.0
592,5542.669781752918,"['最低気温', '降水量', '降雪量', '平均風速', '平均湿度']",955.0
593,5538.9384653527,"['最低気温', '降水量', '降雪量', '平均風速', '平均現地気圧']",872.0
594,5357.824369342847,"['最低気温', '降水量', '降雪量', '平均蒸気圧', '平均湿度']",212.0
595,5414.987731097323,"['最低気温', '降水量', '降雪量', '平均蒸気圧', '平均現地気圧']",394.0
596,5539.013273155794,"['最低気温', '降水量', '降雪量', '平均湿度', '平均現地気圧']",877.0
597,5356.533631870664,"['最低気温', '降水量', '平均風速', '平均蒸気圧', '平均湿度']",204.0
598,5373.599073780857,"['最低気温', '降水量', '平均風速', '平均蒸気圧', '平均現地気圧']",280.0
599,5540.594978921997,"['最低気温', '降水量', '平均風速', '平均湿度', '平均現地気圧']",922.0
600,5353.715596766531,"['最低気温', '降水量', '平均蒸気圧', '平均湿度', '平均現地気圧']",196.0
601,5398.904187640288,"['最低気温', '日照時間', '降雪量', '平均風速', '平均蒸気圧']",347.0
602,5540.5563982427075,"['最低気温', '日照時間', '降雪量', '平均風速', '平均湿度']",919.0
603,5536.999818393127,"['最低気温', '日照時間', '降雪量', '平均風速', '平均現地気圧']",808.0
604,5348.699909190463,"['最低気温', '日照時間', '降雪量', '平均蒸気圧', '平均湿度']",176.0
605,5404.350053316012,"['最低気温', '日照時間', '降雪量', '平均蒸気圧', '平均現地気圧']",364.0
606,5536.322101959055,"['最低気温', '日照時間', '降雪量', '平均湿度', '平均現地気圧']",785.0
607,5347.642105768717,"['最低気温', '日照時間', '平均風速', '平均蒸気圧', '平均湿度']",173.0
608,5381.609639997773,"['最低気温', '日照時間', '平均風速', '平均蒸気圧', '平均現地気圧']",299.0
609,5537.519520036571,"['最低気温', '日照時間', '平均風速', '平均湿度', '平均現地気圧']",836.0
610,5344.557359836248,"['最低気温', '日照時間', '平均蒸気圧', '平均湿度', '平均現地気圧']",165.0
611,5357.051591379023,"['最低気温', '降雪量', '平均風速', '平均蒸気圧', '平均湿度']",208.0
612,5387.5319723087705,"['最低気温', '降雪量', '平均風速', '平均蒸気圧', '平均現地気圧']",322.0
613,5539.5051539895885,"['最低気温', '降雪量', '平均風速', '平均湿度', '平均現地気圧']",896.0
614,5352.368051576224,"['最低気温', '降雪量', '平均蒸気圧', '平均湿度', '平均現地気圧']",189.0
615,5346.819653651501,"['最低気温', '平均風速', '平均蒸気圧', '平均湿度', '平均現地気圧']",172.0
616,5532.989807881634,"['降水量', '日照時間', '降雪量', '平均風速', '平均蒸気圧']",682.0
617,5540.189857787849,"['降水量', '日照時間', '降雪量', '平均風速', '平均湿度']",913.0
618,5537.247045418078,"['降水量', '日照時間', '降雪量', '平均風速', '平均現地気圧']",820.0
619,5530.119151804731,"['降水量', '日照時間', '降雪量', '平均蒸気圧', '平均湿度']",610.0
620,5521.287231708792,"['降水量', '日照時間', '降雪量', '平均蒸気圧', '平均現地気圧']",478.0
621,5535.834832801646,"['降水量', '日照時間', '降雪量', '平均湿度', '平均現地気圧']",776.0
622,5533.855893294908,"['降水量', '日照時間', '平均風速', '平均蒸気圧', '平均湿度']",716.0
623,5522.198164356957,"['降水量', '日照時間', '平均風速', '平均蒸気圧', '平均現地気圧']",486.0
624,5537.195264675607,"['降水量', '日照時間', '平均風速', '平均湿度', '平均現地気圧']",817.0
625,5521.170580190253,"['降水量', '日照時間', '平均蒸気圧', '平均湿度', '平均現地気圧']",476.0
626,5529.727969484986,"['降水量', '降雪量', '平均風速', '平均蒸気圧', '平均湿度']",605.0
627,5521.980193116198,"['降水量', '降雪量', '平均風速', '平均蒸気圧', '平均現地気圧']",484.0
628,5539.30446610088,"['降水量', '降雪量', '平均風速', '平均湿度', '平均現地気圧']",890.0
629,5517.80873591155,"['降水量', '降雪量', '平均蒸気圧', '平均湿度', '平均現地気圧']",464.0
630,5520.778525130603,"['降水量', '平均風速', '平均蒸気圧', '平均湿度', '平均現地気圧']",475.0
631,5530.020566899418,"['日照時間', '降雪量', '平均風速', '平均蒸気圧', '平均湿度']",609.0
632,5520.264725159018,"['日照時間', '降雪量', '平均風速', '平均蒸気圧', '平均現地気圧']",473.0
633,5536.340502580833,"['日照時間', '降雪量', '平均風速', '平均湿度', '平均現地気圧']",786.0
634,5517.819344662476,"['日照時間', '降雪量', '平均蒸気圧', '平均湿度', '平均現地気圧']",465.0
635,5520.701605127296,"['日照時間', '平均風速', '平均蒸気圧', '平均湿度', '平均現地気圧']",474.0
636,5517.555065612164,"['降雪量', '平均風速', '平均蒸気圧', '平均湿度', '平均現地気圧']",462.0
637,5536.578311749225,"['平均気温', '最高気温', '最低気温', '降水量', '日照時間', '降雪量']",791.0
638,5533.386632639741,"['平均気温', '最高気温', '最低気温', '降水量', '日照時間', '平均風速']",704.0
639,5364.520680844767,"['平均気温', '最高気温', '最低気温', '降水量', '日照時間', '平均蒸気圧']",243.0
640,5537.420018670935,"['平均気温', '最高気温', '最低気温', '降水量', '日照時間', '平均湿度']",830.0
641,5534.155234375166,"['平均気温', '最高気温', '最低気温', '降水量', '日照時間', '平均現地気圧']",729.0
642,5541.406425984154,"['平均気温', '最高気温', '最低気温', '降水量', '降雪量', '平均風速']",931.0
643,5412.39497052326,"['平均気温', '最高気温', '最低気温', '降水量', '降雪量', '平均蒸気圧']",387.0
644,5541.4972515390655,"['平均気温', '最高気温', '最低気温', '降水量', '降雪量', '平均湿度']",935.0
645,5537.299789751173,"['平均気温', '最高気温', '最低気温', '降水量', '降雪量', '平均現地気圧']",822.0
646,5387.367352188323,"['平均気温', '最高気温', '最低気温', '降水量', '平均風速', '平均蒸気圧']",319.0
647,5542.224084428949,"['平均気温', '最高気温', '最低気温', '降水量', '平均風速', '平均湿度']",947.0
648,5538.964951086876,"['平均気温', '最高気温', '最低気温', '降水量', '平均風速', '平均現地気圧']",875.0
649,5281.187183341162,"['平均気温', '最高気温', '最低気温', '降水量', '平均蒸気圧', '平均湿度']",90.0
650,5407.690734634238,"['平均気温', '最高気温', '最低気温', '降水量', '平均蒸気圧', '平均現地気圧']",375.0
651,5538.864512720538,"['平均気温', '最高気温', '最低気温', '降水量', '平均湿度', '平均現地気圧']",867.0
652,5531.625272605281,"['平均気温', '最高気温', '最低気温', '日照時間', '降雪量', '平均風速']",640.0
653,5374.658557768149,"['平均気温', '最高気温', '最低気温', '日照時間', '降雪量', '平均蒸気圧']",283.0
654,5536.814596215561,"['平均気温', '最高気温', '最低気温', '日照時間', '降雪量', '平均湿度']",800.0
655,5532.506734917291,"['平均気温', '最高気温', '最低気温', '日照時間', '降雪量', '平均現地気圧']",661.0
656,5373.172496646905,"['平均気温', '最高気温', '最低気温', '日照時間', '平均風速', '平均蒸気圧']",276.0
657,5533.455242239162,"['平均気温', '最高気温', '最低気温', '日照時間', '平均風速', '平均湿度']",707.0
658,5531.242650054749,"['平均気温', '最高気温', '最低気温', '日照時間', '平均風速', '平均現地気圧']",629.0
659,5279.872463330835,"['平均気温', '最高気温', '最低気温', '日照時間', '平均蒸気圧', '平均湿度']",76.0
660,5367.349301914145,"['平均気温', '最高気温', '最低気温', '日照時間', '平均蒸気圧', '平均現地気圧']",251.0
661,5533.099635979849,"['平均気温', '最高気温', '最低気温', '日照時間', '平均湿度', '平均現地気圧']",692.0
662,5407.456492218054,"['平均気温', '最高気温', '最低気温', '降雪量', '平均風速', '平均蒸気圧']",374.0
663,5540.409430754482,"['平均気温', '最高気温', '最低気温', '降雪量', '平均風速', '平均湿度']",916.0
664,5538.152342463402,"['平均気温', '最高気温', '最低気温', '降雪量', '平均風速', '平均現地気圧']",848.0
665,5279.480893867276,"['平均気温', '最高気温', '最低気温', '降雪量', '平均蒸気圧', '平均湿度']",72.0
666,5419.6222744974475,"['平均気温', '最高気温', '最低気温', '降雪量', '平均蒸気圧', '平均現地気圧']",405.0
667,5537.6010841367215,"['平均気温', '最高気温', '最低気温', '降雪量', '平均湿度', '平均現地気圧']",838.0
668,5279.369127440827,"['平均気温', '最高気温', '最低気温', '平均風速', '平均蒸気圧', '平均湿度']",70.0
669,5387.172769048877,"['平均気温', '最高気温', '最低気温', '平均風速', '平均蒸気圧', '平均現地気圧']",317.0
670,5538.850073377487,"['平均気温', '最高気温', '最低気温', '平均風速', '平均湿度', '平均現地気圧']",866.0
671,5276.204720584956,"['平均気温', '最高気温', '最低気温', '平均蒸気圧', '平均湿度', '平均現地気圧']",37.0
672,5544.682228036212,"['平均気温', '最高気温', '降水量', '日照時間', '降雪量', '平均風速']",987.0
673,5364.179173880346,"['平均気温', '最高気温', '降水量', '日照時間', '降雪量', '平均蒸気圧']",242.0
674,5544.390862275342,"['平均気温', '最高気温', '降水量', '日照時間', '降雪量', '平均湿度']",984.0
675,5542.848453246202,"['平均気温', '最高気温', '降水量', '日照時間', '降雪量', '平均現地気圧']",959.0
676,5362.6807189227775,"['平均気温', '最高気温', '降水量', '日照時間', '平均風速', '平均蒸気圧']",232.0
677,5545.559076059973,"['平均気温', '最高気温', '降水量', '日照時間', '平均風速', '平均湿度']",1002.0
678,5544.221222078612,"['平均気温', '最高気温', '降水量', '日照時間', '平均風速', '平均現地気圧']",981.0
679,5281.252437871433,"['平均気温', '最高気温', '降水量', '日照時間', '平均蒸気圧', '平均湿度']",91.0
680,5359.617410500379,"['平均気温', '最高気温', '降水量', '日照時間', '平均蒸気圧', '平均現地気圧']",222.0
681,5542.499314799629,"['平均気温', '最高気温', '降水量', '日照時間', '平均湿度', '平均現地気圧']",951.0
682,5396.4264103607875,"['平均気温', '最高気温', '降水量', '降雪量', '平均風速', '平均蒸気圧']",342.0
683,5548.154901200609,"['平均気温', '最高気温', '降水量', '降雪量', '平均風速', '平均湿度']",1014.0
684,5544.776528754054,"['平均気温', '最高気温', '降水量', '降雪量', '平均風速', '平均現地気圧']",990.0
685,5281.084111575181,"['平均気温', '最高気温', '降水量', '降雪量', '平均蒸気圧', '平均湿度']",88.0
686,5409.384548280348,"['平均気温', '最高気温', '降水量', '降雪量', '平均蒸気圧', '平均現地気圧']",379.0
687,5544.82395742677,"['平均気温', '最高気温', '降水量', '降雪量', '平均湿度', '平均現地気圧']",994.0
688,5280.802141059582,"['平均気温', '最高気温', '降水量', '平均風速', '平均蒸気圧', '平均湿度']",84.0
689,5381.1747453279695,"['平均気温', '最高気温', '降水量', '平均風速', '平均蒸気圧', '平均現地気圧']",298.0
690,5546.013365659084,"['平均気温', '最高気温', '降水量', '平均風速', '平均湿度', '平均現地気圧']",1005.0
691,5278.73975033687,"['平均気温', '最高気温', '降水量', '平均蒸気圧', '平均湿度', '平均現地気圧']",63.0
692,5374.117789618008,"['平均気温', '最高気温', '日照時間', '降雪量', '平均風速', '平均蒸気圧']",281.0
693,5544.705507707411,"['平均気温', '最高気温', '日照時間', '降雪量', '平均風速', '平均湿度']",988.0
694,5542.687443631434,"['平均気温', '最高気温', '日照時間', '降雪量', '平均風速', '平均現地気圧']",956.0
695,5279.688138480857,"['平均気温', '最高気温', '日照時間', '降雪量', '平均蒸気圧', '平均湿度']",74.0
696,5367.413928278242,"['平均気温', '最高気温', '日照時間', '降雪量', '平均蒸気圧', '平均現地気圧']",253.0
697,5541.7829097707445,"['平均気温', '最高気温', '日照時間', '降雪量', '平均湿度', '平均現地気圧']",941.0
698,5274.693968136138,"['平均気温', '最高気温', '日照時間', '平均風速', '平均蒸気圧', '平均湿度']",25.0
699,5363.039848122839,"['平均気温', '最高気温', '日照時間', '平均風速', '平均蒸気圧', '平均現地気圧']",236.0
700,5542.853036020007,"['平均気温', '最高気温', '日照時間', '平均風速', '平均湿度', '平均現地気圧']",960.0
701,5275.6467287802925,"['平均気温', '最高気温', '日照時間', '平均蒸気圧', '平均湿度', '平均現地気圧']",35.0
702,5277.013672589304,"['平均気温', '最高気温', '降雪量', '平均風速', '平均蒸気圧', '平均湿度']",47.0
703,5395.837845030031,"['平均気温', '最高気温', '降雪量', '平均風速', '平均蒸気圧', '平均現地気圧']",341.0
704,5545.283866672528,"['平均気温', '最高気温', '降雪量', '平均風速', '平均湿度', '平均現地気圧']",998.0
705,5276.245249406584,"['平均気温', '最高気温', '降雪量', '平均蒸気圧', '平均湿度', '平均現地気圧']",38.0
706,5277.374376958984,"['平均気温', '最高気温', '平均風速', '平均蒸気圧', '平均湿度', '平均現地気圧']",51.0
707,5532.85768842193,"['平均気温', '最低気温', '降水量', '日照時間', '降雪量', '平均風速']",673.0
708,5363.844577080706,"['平均気温', '最低気温', '降水量', '日照時間', '降雪量', '平均蒸気圧']",239.0
709,5537.1284751206385,"['平均気温', '最低気温', '降水量', '日照時間', '降雪量', '平均湿度']",811.0
710,5534.328219613396,"['平均気温', '最低気温', '降水量', '日照時間', '降雪量', '平均現地気圧']",734.0
711,5360.891532647204,"['平均気温', '最低気温', '降水量', '日照時間', '平均風速', '平均蒸気圧']",225.0
712,5534.927086978497,"['平均気温', '最低気温', '降水量', '日照時間', '平均風速', '平均湿度']",755.0
713,5533.136635753143,"['平均気温', '最低気温', '降水量', '日照時間', '平均風速', '平均現地気圧']",693.0
714,5278.935888604983,"['平均気温', '最低気温', '降水量', '日照時間', '平均蒸気圧', '平均湿度']",66.0
715,5359.456776937914,"['平均気温', '最低気温', '降水量', '日照時間', '平均蒸気圧', '平均現地気圧']",221.0
716,5534.823123642458,"['平均気温', '最低気温', '降水量', '日照時間', '平均湿度', '平均現地気圧']",747.0
717,5390.036960092,"['平均気温', '最低気温', '降水量', '降雪量', '平均風速', '平均蒸気圧']",329.0
718,5545.535674369916,"['平均気温', '最低気温', '降水量', '降雪量', '平均風速', '平均湿度']",1001.0
719,5543.860567676653,"['平均気温', '最低気温', '降水量', '降雪量', '平均風速', '平均現地気圧']",979.0
720,5277.349337331047,"['平均気温', '最低気温', '降水量', '降雪量', '平均蒸気圧', '平均湿度']",49.0
721,5418.398295194756,"['平均気温', '最低気温', '降水量', '降雪量', '平均蒸気圧', '平均現地気圧']",402.0
722,5542.957656586139,"['平均気温', '最低気温', '降水量', '降雪量', '平均湿度', '平均現地気圧']",964.0
723,5278.922823561597,"['平均気温', '最低気温', '降水量', '平均風速', '平均蒸気圧', '平均湿度']",65.0
724,5374.833797638597,"['平均気温', '最低気温', '降水量', '平均風速', '平均蒸気圧', '平均現地気圧']",285.0
725,5544.788006532771,"['平均気温', '最低気温', '降水量', '平均風速', '平均湿度', '平均現地気圧']",991.0
726,5275.587045318991,"['平均気温', '最低気温', '降水量', '平均蒸気圧', '平均湿度', '平均現地気圧']",33.0
727,5373.15389659184,"['平均気温', '最低気温', '日照時間', '降雪量', '平均風速', '平均蒸気圧']",275.0
728,5533.055370640271,"['平均気温', '最低気温', '日照時間', '降雪量', '平均風速', '平均湿度']",687.0
729,5531.385323024766,"['平均気温', '最低気温', '日照時間', '降雪量', '平均風速', '平均現地気圧']",633.0
730,5277.509267856045,"['平均気温', '最低気温', '日照時間', '降雪量', '平均蒸気圧', '平均湿度']",52.0
731,5367.353420683356,"['平均気温', '最低気温', '日照時間', '降雪量', '平均蒸気圧', '平均現地気圧']",252.0
732,5533.876484703431,"['平均気温', '最低気温', '日照時間', '降雪量', '平均湿度', '平均現地気圧']",718.0
733,5274.771252786458,"['平均気温', '最低気温', '日照時間', '平均風速', '平均蒸気圧', '平均湿度']",27.0
734,5361.564188310016,"['平均気温', '最低気温', '日照時間', '平均風速', '平均蒸気圧', '平均現地気圧']",228.0
735,5533.089255347577,"['平均気温', '最低気温', '日照時間', '平均風速', '平均湿度', '平均現地気圧']",690.0
736,5273.794349305024,"['平均気温', '最低気温', '日照時間', '平均蒸気圧', '平均湿度', '平均現地気圧']",17.0
737,5275.626309740009,"['平均気温', '最低気温', '降雪量', '平均風速', '平均蒸気圧', '平均湿度']",34.0
738,5392.151908118016,"['平均気温', '最低気温', '降雪量', '平均風速', '平均蒸気圧', '平均現地気圧']",334.0
739,5543.295730206599,"['平均気温', '最低気温', '降雪量', '平均風速', '平均湿度', '平均現地気圧']",975.0
740,5273.333219430351,"['平均気温', '最低気温', '降雪量', '平均蒸気圧', '平均湿度', '平均現地気圧']",13.0
741,5275.458567838598,"['平均気温', '最低気温', '平均風速', '平均蒸気圧', '平均湿度', '平均現地気圧']",31.0
742,5362.386323202962,"['平均気温', '降水量', '日照時間', '降雪量', '平均風速', '平均蒸気圧']",230.0
743,5544.647222722977,"['平均気温', '降水量', '日照時間', '降雪量', '平均風速', '平均湿度']",986.0
744,5543.131960081149,"['平均気温', '降水量', '日照時間', '降雪量', '平均風速', '平均現地気圧']",971.0
745,5277.552361516029,"['平均気温', '降水量', '日照時間', '降雪量', '平均蒸気圧', '平均湿度']",53.0
746,5359.23402304843,"['平均気温', '降水量', '日照時間', '降雪量', '平均蒸気圧', '平均現地気圧']",219.0
747,5541.5194727662465,"['平均気温', '降水量', '日照時間', '降雪量', '平均湿度', '平均現地気圧']",937.0
748,5274.650046197931,"['平均気温', '降水量', '日照時間', '平均風速', '平均蒸気圧', '平均湿度']",24.0
749,5354.765880384245,"['平均気温', '降水量', '日照時間', '平均風速', '平均蒸気圧', '平均現地気圧']",201.0
750,5542.737981601582,"['平均気温', '降水量', '日照時間', '平均風速', '平均湿度', '平均現地気圧']",958.0
751,5275.24051323422,"['平均気温', '降水量', '日照時間', '平均蒸気圧', '平均湿度', '平均現地気圧']",29.0
752,5277.940638356655,"['平均気温', '降水量', '降雪量', '平均風速', '平均蒸気圧', '平均湿度']",58.0
753,5423.316752751074,"['平均気温', '降水量', '降雪量', '平均風速', '平均蒸気圧', '平均現地気圧']",414.0
754,5545.090943775541,"['平均気温', '降水量', '降雪量', '平均風速', '平均湿度', '平均現地気圧']",997.0
755,5278.545529159709,"['平均気温', '降水量', '降雪量', '平均蒸気圧', '平均湿度', '平均現地気圧']",62.0
756,5279.796081939889,"['平均気温', '降水量', '平均風速', '平均蒸気圧', '平均湿度', '平均現地気圧']",75.0
757,5271.117478035671,"['平均気温', '日照時間', '降雪量', '平均風速', '平均蒸気圧', '平均湿度']",6.0
758,5364.122688317023,"['平均気温', '日照時間', '降雪量', '平均風速', '平均蒸気圧', '平均現地気圧']",240.0
759,5542.114740501769,"['平均気温', '日照時間', '降雪量', '平均風速', '平均湿度', '平均現地気圧']",945.0
760,5273.077556924375,"['平均気温', '日照時間', '降雪量', '平均蒸気圧', '平均湿度', '平均現地気圧']",12.0
761,5272.004927107916,"['平均気温', '日照時間', '平均風速', '平均蒸気圧', '平均湿度', '平均現地気圧']",9.0
762,5275.853360706659,"['平均気温', '降雪量', '平均風速', '平均蒸気圧', '平均湿度', '平均現地気圧']",36.0
763,5539.5384557822945,"['最高気温', '最低気温', '降水量', '日照時間', '降雪量', '平均風速']",898.0
764,5373.462116170866,"['最高気温', '最低気温', '降水量', '日照時間', '降雪量', '平均蒸気圧']",279.0
765,5541.516751942469,"['最高気温', '最低気温', '降水量', '日照時間', '降雪量', '平均湿度']",936.0
766,5538.969773232938,"['最高気温', '最低気温', '降水量', '日照時間', '降雪量', '平均現地気圧']",876.0
767,5367.9041215604175,"['最高気温', '最低気温', '降水量', '日照時間', '平均風速', '平均蒸気圧']",257.0
768,5541.436926413139,"['最高気温', '最低気温', '降水量', '日照時間', '平均風速', '平均湿度']",933.0
769,5539.464855277035,"['最高気温', '最低気温', '降水量', '日照時間', '平均風速', '平均現地気圧']",894.0
770,5291.814263816968,"['最高気温', '最低気温', '降水量', '日照時間', '平均蒸気圧', '平均湿度']",141.0
771,5370.063083518294,"['最高気温', '最低気温', '降水量', '日照時間', '平均蒸気圧', '平均現地気圧']",269.0
772,5539.413844720067,"['最高気温', '最低気温', '降水量', '日照時間', '平均湿度', '平均現地気圧']",893.0
773,5392.580676209132,"['最高気温', '最低気温', '降水量', '降雪量', '平均風速', '平均蒸気圧']",335.0
774,5548.105918076116,"['最高気温', '最低気温', '降水量', '降雪量', '平均風速', '平均湿度']",1013.0
775,5544.820100723685,"['最高気温', '最低気温', '降水量', '降雪量', '平均風速', '平均現地気圧']",993.0
776,5291.879634977379,"['最高気温', '最低気温', '降水量', '降雪量', '平均蒸気圧', '平均湿度']",143.0
777,5420.690355539492,"['最高気温', '最低気温', '降水量', '降雪量', '平均蒸気圧', '平均現地気圧']",406.0
778,5544.75626059177,"['最高気温', '最低気温', '降水量', '降雪量', '平均湿度', '平均現地気圧']",989.0
779,5295.309005872517,"['最高気温', '最低気温', '降水量', '平均風速', '平均蒸気圧', '平均湿度']",151.0
780,5377.3405511843575,"['最高気温', '最低気温', '降水量', '平均風速', '平均蒸気圧', '平均現地気圧']",288.0
781,5546.447893547849,"['最高気温', '最低気温', '降水量', '平均風速', '平均湿度', '平均現地気圧']",1006.0
782,5291.272112076038,"['最高気温', '最低気温', '降水量', '平均蒸気圧', '平均湿度', '平均現地気圧']",139.0
783,5380.477555947912,"['最高気温', '最低気温', '日照時間', '降雪量', '平均風速', '平均蒸気圧']",296.0
784,5539.901416847365,"['最高気温', '最低気温', '日照時間', '降雪量', '平均風速', '平均湿度']",906.0
785,5537.771775531105,"['最高気温', '最低気温', '日照時間', '降雪量', '平均風速', '平均現地気圧']",844.0
786,5290.440647963939,"['最高気温', '最低気温', '日照時間', '降雪量', '平均蒸気圧', '平均湿度']",136.0
787,5377.684510472847,"['最高気温', '最低気温', '日照時間', '降雪量', '平均蒸気圧', '平均現地気圧']",289.0
788,5538.469883029681,"['最高気温', '最低気温', '日照時間', '降雪量', '平均湿度', '平均現地気圧']",852.0
789,5291.057664566822,"['最高気温', '最低気温', '日照時間', '平均風速', '平均蒸気圧', '平均湿度']",137.0
790,5368.903453038611,"['最高気温', '最低気温', '日照時間', '平均風速', '平均蒸気圧', '平均現地気圧']",264.0
791,5539.135492438724,"['最高気温', '最低気温', '日照時間', '平均風速', '平均湿度', '平均現地気圧']",880.0
792,5288.20358013172,"['最高気温', '最低気温', '日照時間', '平均蒸気圧', '平均湿度', '平均現地気圧']",130.0
793,5292.934254254385,"['最高気温', '最低気温', '降雪量', '平均風速', '平均蒸気圧', '平均湿度']",144.0
794,5393.272848539993,"['最高気温', '最低気温', '降雪量', '平均風速', '平均蒸気圧', '平均現地気圧']",339.0
795,5545.284489314526,"['最高気温', '最低気温', '降雪量', '平均風速', '平均湿度', '平均現地気圧']",999.0
796,5289.112256037732,"['最高気温', '最低気温', '降雪量', '平均蒸気圧', '平均湿度', '平均現地気圧']",132.0
797,5291.864737592965,"['最高気温', '最低気温', '平均風速', '平均蒸気圧', '平均湿度', '平均現地気圧']",142.0
798,5409.028888975601,"['最高気温', '降水量', '日照時間', '降雪量', '平均風速', '平均蒸気圧']",377.0
799,5544.341343238794,"['最高気温', '降水量', '日照時間', '降雪量', '平均風速', '平均湿度']",983.0
800,5543.149678561688,"['最高気温', '降水量', '日照時間', '降雪量', '平均風速', '平均現地気圧']",972.0
801,5358.470041121528,"['最高気温', '降水量', '日照時間', '降雪量', '平均蒸気圧', '平均湿度']",215.0
802,5403.94284908143,"['最高気温', '降水量', '日照時間', '降雪量', '平均蒸気圧', '平均現地気圧']",360.0
803,5541.413318399845,"['最高気温', '降水量', '日照時間', '降雪量', '平均湿度', '平均現地気圧']",932.0
804,5345.466712087852,"['最高気温', '降水量', '日照時間', '平均風速', '平均蒸気圧', '平均湿度']",167.0
805,5404.973490971849,"['最高気温', '降水量', '日照時間', '平均風速', '平均蒸気圧', '平均現地気圧']",367.0
806,5542.636802913001,"['最高気温', '降水量', '日照時間', '平均風速', '平均湿度', '平均現地気圧']",954.0
807,5356.588435375542,"['最高気温', '降水量', '日照時間', '平均蒸気圧', '平均湿度', '平均現地気圧']",205.0
808,5385.916304861687,"['最高気温', '降水量', '降雪量', '平均風速', '平均蒸気圧', '平均湿度']",311.0
809,5487.534575726915,"['最高気温', '降水量', '降雪量', '平均風速', '平均蒸気圧', '平均現地気圧']",435.0
810,5544.981503593576,"['最高気温', '降水量', '降雪量', '平均風速', '平均湿度', '平均現地気圧']",996.0
811,5389.879884122379,"['最高気温', '降水量', '降雪量', '平均蒸気圧', '平均湿度', '平均現地気圧']",327.0
812,5389.69036751338,"['最高気温', '降水量', '平均風速', '平均蒸気圧', '平均湿度', '平均現地気圧']",325.0
813,5340.621303382549,"['最高気温', '日照時間', '降雪量', '平均風速', '平均蒸気圧', '平均湿度']",162.0
814,5409.732127813045,"['最高気温', '日照時間', '降雪量', '平均風速', '平均蒸気圧', '平均現地気圧']",383.0
815,5542.033189895022,"['最高気温', '日照時間', '降雪量', '平均風速', '平均湿度', '平均現地気圧']",944.0
816,5353.58695542385,"['最高気温', '日照時間', '降雪量', '平均蒸気圧', '平均湿度', '平均現地気圧']",194.0
817,5344.521263896424,"['最高気温', '日照時間', '平均風速', '平均蒸気圧', '平均湿度', '平均現地気圧']",164.0
818,5383.861683522678,"['最高気温', '降雪量', '平均風速', '平均蒸気圧', '平均湿度', '平均現地気圧']",307.0
819,5392.109131196251,"['最低気温', '降水量', '日照時間', '降雪量', '平均風速', '平均蒸気圧']",333.0
820,5545.664506054187,"['最低気温', '降水量', '日照時間', '降雪量', '平均風速', '平均湿度']",1003.0
821,5542.711753187889,"['最低気温', '降水量', '日照時間', '降雪量', '平均風速', '平均現地気圧']",957.0
822,5353.2698075565095,"['最低気温', '降水量', '日照時間', '降雪量', '平均蒸気圧', '平均湿度']",193.0
823,5404.788473266619,"['最低気温', '降水量', '日照時間', '降雪量', '平均蒸気圧', '平均現地気圧']",366.0
824,5541.729449857716,"['最低気温', '降水量', '日照時間', '降雪量', '平均湿度', '平均現地気圧']",940.0
825,5351.400177167627,"['最低気温', '降水量', '日照時間', '平均風速', '平均蒸気圧', '平均湿度']",184.0
826,5377.705061770054,"['最低気温', '降水量', '日照時間', '平均風速', '平均蒸気圧', '平均現地気圧']",290.0
827,5543.0904769079225,"['最低気温', '降水量', '日照時間', '平均風速', '平均湿度', '平均現地気圧']",970.0
828,5350.191971316716,"['最低気温', '降水量', '日照時間', '平均蒸気圧', '平均湿度', '平均現地気圧']",180.0
829,5360.388507591947,"['最低気温', '降水量', '降雪量', '平均風速', '平均蒸気圧', '平均湿度']",224.0
830,5379.134621625276,"['最低気温', '降水量', '降雪量', '平均風速', '平均蒸気圧', '平均現地気圧']",293.0
831,5544.818839728178,"['最低気温', '降水量', '降雪量', '平均風速', '平均湿度', '平均現地気圧']",992.0
832,5357.70680954569,"['最低気温', '降水量', '降雪量', '平均蒸気圧', '平均湿度', '平均現地気圧']",211.0
833,5351.227902709828,"['最低気温', '降水量', '平均風速', '平均蒸気圧', '平均湿度', '平均現地気圧']",183.0
834,5351.666345457134,"['最低気温', '日照時間', '降雪量', '平均風速', '平均蒸気圧', '平均湿度']",186.0
835,5387.509712781486,"['最低気温', '日照時間', '降雪量', '平均風速', '平均蒸気圧', '平均現地気圧']",321.0
836,5542.209417438143,"['最低気温', '日照時間', '降雪量', '平均風速', '平均湿度', '平均現地気圧']",946.0
837,5348.358004600098,"['最低気温', '日照時間', '降雪量', '平均蒸気圧', '平均湿度', '平均現地気圧']",175.0
838,5341.861050704545,"['最低気温', '日照時間', '平均風速', '平均蒸気圧', '平均湿度', '平均現地気圧']",163.0
839,5351.65812103237,"['最低気温', '降雪量', '平均風速', '平均蒸気圧', '平均湿度', '平均現地気圧']",185.0
840,5535.6025826319155,"['降水量', '日照時間', '降雪量', '平均風速', '平均蒸気圧', '平均湿度']",771.0
841,5525.4526843970625,"['降水量', '日照時間', '降雪量', '平均風速', '平均蒸気圧', '平均現地気圧']",521.0
842,5541.651722748703,"['降水量', '日照時間', '降雪量', '平均風速', '平均湿度', '平均現地気圧']",939.0
843,5523.674990081852,"['降水量', '日照時間', '降雪量', '平均蒸気圧', '平均湿度', '平均現地気圧']",506.0
844,5526.599960014537,"['降水量', '日照時間', '平均風速', '平均蒸気圧', '平均湿度', '平均現地気圧']",527.0
845,5523.335993592057,"['降水量', '降雪量', '平均風速', '平均蒸気圧', '平均湿度', '平均現地気圧']",498.0
846,5523.427884938486,"['日照時間', '降雪量', '平均風速', '平均蒸気圧', '平均湿度', '平均現地気圧']",499.0
847,5537.2041239994505,"['平均気温', '最高気温', '最低気温', '降水量', '日照時間', '降雪量', '平均風速']",818.0
848,5369.734993227042,"['平均気温', '最高気温', '最低気温', '降水量', '日照時間', '降雪量', '平均蒸気圧']",268.0
849,5541.469049055784,"['平均気温', '最高気温', '最低気温', '降水量', '日照時間', '降雪量', '平均湿度']",934.0
850,5538.127217459166,"['平均気温', '最高気温', '最低気温', '降水量', '日照時間', '降雪量', '平均現地気圧']",846.0
851,5366.766332874464,"['平均気温', '最高気温', '最低気温', '降水量', '日照時間', '平均風速', '平均蒸気圧']",249.0
852,5539.28913653823,"['平均気温', '最高気温', '最低気温', '降水量', '日照時間', '平均風速', '平均湿度']",888.0
853,5537.135116511496,"['平均気温', '最高気温', '最低気温', '降水量', '日照時間', '平均風速', '平均現地気圧']",813.0
854,5284.347434221038,"['平均気温', '最高気温', '最低気温', '降水量', '日照時間', '平均蒸気圧', '平均湿度']",113.0
855,5365.352501293632,"['平均気温', '最高気温', '最低気温', '降水量', '日照時間', '平均蒸気圧', '平均現地気圧']",247.0
856,5538.679168031695,"['平均気温', '最高気温', '最低気温', '降水量', '日照時間', '平均湿度', '平均現地気圧']",859.0
857,5392.71108171121,"['平均気温', '最高気温', '最低気温', '降水量', '降雪量', '平均風速', '平均蒸気圧']",336.0
858,5545.846064060957,"['平均気温', '最高気温', '最低気温', '降水量', '降雪量', '平均風速', '平均湿度']",1004.0
859,5543.2015076474345,"['平均気温', '最高気温', '最低気温', '降水量', '降雪量', '平均風速', '平均現地気圧']",974.0
860,5283.223733385362,"['平均気温', '最高気温', '最低気温', '降水量', '降雪量', '平均蒸気圧', '平均湿度']",105.0
861,5413.275939422897,"['平均気温', '最高気温', '最低気温', '降水量', '降雪量', '平均蒸気圧', '平均現地気圧']",392.0
862,5542.966784459718,"['平均気温', '最高気温', '最低気温', '降水量', '降雪量', '平均湿度', '平均現地気圧']",965.0
863,5284.825239309869,"['平均気温', '最高気温', '最低気温', '降水量', '平均風速', '平均蒸気圧', '平均湿度']",115.0
864,5377.238716011709,"['平均気温', '最高気温', '最低気温', '降水量', '平均風速', '平均蒸気圧', '平均現地気圧']",287.0
865,5544.600984493195,"['平均気温', '最高気温', '最低気温', '降水量', '平均風速', '平均湿度', '平均現地気圧']",985.0
866,5281.484820117034,"['平均気温', '最高気温', '最低気温', '降水量', '平均蒸気圧', '平均湿度', '平均現地気圧']",94.0
867,5379.048707096788,"['平均気温', '最高気温', '最低気温', '日照時間', '降雪量', '平均風速', '平均蒸気圧']",292.0
868,5537.3948845526365,"['平均気温', '最高気温', '最低気温', '日照時間', '降雪量', '平均風速', '平均湿度']",826.0
869,5535.376616216427,"['平均気温', '最高気温', '最低気温', '日照時間', '降雪量', '平均風速', '平均現地気圧']",769.0
870,5282.933184354444,"['平均気温', '最高気温', '最低気温', '日照時間', '降雪量', '平均蒸気圧', '平均湿度']",102.0
871,5373.227101352408,"['平均気温', '最高気温', '最低気温', '日照時間', '降雪量', '平均蒸気圧', '平均現地気圧']",277.0
872,5537.693167468516,"['平均気温', '最高気温', '最低気温', '日照時間', '降雪量', '平均湿度', '平均現地気圧']",843.0
873,5280.183198983294,"['平均気温', '最高気温', '最低気温', '日照時間', '平均風速', '平均蒸気圧', '平均湿度']",78.0
874,5367.428656086464,"['平均気温', '最高気温', '最低気温', '日照時間', '平均風速', '平均蒸気圧', '平均現地気圧']",254.0
875,5537.080251970911,"['平均気温', '最高気温', '最低気温', '日照時間', '平均風速', '平均湿度', '平均現地気圧']",810.0
876,5279.470399305906,"['平均気温', '最高気温', '最低気温', '日照時間', '平均蒸気圧', '平均湿度', '平均現地気圧']",71.0
877,5281.527861889128,"['平均気温', '最高気温', '最低気温', '降雪量', '平均風速', '平均蒸気圧', '平均湿度']",95.0
878,5393.021343716369,"['平均気温', '最高気温', '最低気温', '降雪量', '平均風速', '平均蒸気圧', '平均現地気圧']",337.0
879,5543.049632247289,"['平均気温', '最高気温', '最低気温', '降雪量', '平均風速', '平均湿度', '平均現地気圧']",968.0
880,5279.232695003714,"['平均気温', '最高気温', '最低気温', '降雪量', '平均蒸気圧', '平均湿度', '平均現地気圧']",68.0
881,5281.340879131941,"['平均気温', '最高気温', '最低気温', '平均風速', '平均蒸気圧', '平均湿度', '平均現地気圧']",93.0
882,5367.797335315091,"['平均気温', '最高気温', '降水量', '日照時間', '降雪量', '平均風速', '平均蒸気圧']",256.0
883,5549.863009574961,"['平均気温', '最高気温', '降水量', '日照時間', '降雪量', '平均風速', '平均湿度']",1020.0
884,5548.417924468883,"['平均気温', '最高気温', '降水量', '日照時間', '降雪量', '平均風速', '平均現地気圧']",1016.0
885,5283.326951562323,"['平均気温', '最高気温', '降水量', '日照時間', '降雪量', '平均蒸気圧', '平均湿度']",108.0
886,5364.975840983685,"['平均気温', '最高気温', '降水量', '日照時間', '降雪量', '平均蒸気圧', '平均現地気圧']",246.0
887,5547.071398630048,"['平均気温', '最高気温', '降水量', '日照時間', '降雪量', '平均湿度', '平均現地気圧']",1008.0
888,5280.409963495761,"['平均気温', '最高気温', '降水量', '日照時間', '平均風速', '平均蒸気圧', '平均湿度']",81.0
889,5359.366228800631,"['平均気温', '最高気温', '降水量', '日照時間', '平均風速', '平均蒸気圧', '平均現地気圧']",220.0
890,5548.391364533494,"['平均気温', '最高気温', '降水量', '日照時間', '平均風速', '平均湿度', '平均現地気圧']",1015.0
891,5280.896444199202,"['平均気温', '最高気温', '降水量', '日照時間', '平均蒸気圧', '平均湿度', '平均現地気圧']",85.0
892,5282.207600108035,"['平均気温', '最高気温', '降水量', '降雪量', '平均風速', '平均蒸気圧', '平均湿度']",98.0
893,5386.631738512732,"['平均気温', '最高気温', '降水量', '降雪量', '平均風速', '平均蒸気圧', '平均現地気圧']",315.0
894,5550.474743493051,"['平均気温', '最高気温', '降水量', '降雪量', '平均風速', '平均湿度', '平均現地気圧']",1021.0
895,5280.989620443497,"['平均気温', '最高気温', '降水量', '降雪量', '平均蒸気圧', '平均湿度', '平均現地気圧']",86.0
896,5283.083229098931,"['平均気温', '最高気温', '降水量', '平均風速', '平均蒸気圧', '平均湿度', '平均現地気圧']",103.0
897,5276.783837973552,"['平均気温', '最高気温', '日照時間', '降雪量', '平均風速', '平均蒸気圧', '平均湿度']",43.0
898,5368.9272509611155,"['平均気温', '最高気温', '日照時間', '降雪量', '平均風速', '平均蒸気圧', '平均現地気圧']",265.0
899,5547.667629940288,"['平均気温', '最高気温', '日照時間', '降雪量', '平均風速', '平均湿度', '平均現地気圧']",1012.0
900,5278.754248644635,"['平均気温', '最高気温', '日照時間', '降雪量', '平均蒸気圧', '平均湿度', '平均現地気圧']",64.0
901,5277.889466902739,"['平均気温', '最高気温', '日照時間', '平均風速', '平均蒸気圧', '平均湿度', '平均現地気圧']",57.0
902,5279.656539052752,"['平均気温', '最高気温', '降雪量', '平均風速', '平均蒸気圧', '平均湿度', '平均現地気圧']",73.0
903,5366.087880405505,"['平均気温', '最低気温', '降水量', '日照時間', '降雪量', '平均風速', '平均蒸気圧']",248.0
904,5538.7373238293885,"['平均気温', '最低気温', '降水量', '日照時間', '降雪量', '平均風速', '平均湿度']",862.0
905,5537.130860127371,"['平均気温', '最低気温', '降水量', '日照時間', '降雪量', '平均風速', '平均現地気圧']",812.0
906,5281.182641936957,"['平均気温', '最低気温', '降水量', '日照時間', '降雪量', '平均蒸気圧', '平均湿度']",89.0
907,5364.83706402707,"['平均気温', '最低気温', '降水量', '日照時間', '降雪量', '平均蒸気圧', '平均現地気圧']",245.0
908,5539.146765915704,"['平均気温', '最低気温', '降水量', '日照時間', '降雪量', '平均湿度', '平均現地気圧']",881.0
909,5280.4146000243645,"['平均気温', '最低気温', '降水量', '日照時間', '平均風速', '平均蒸気圧', '平均湿度']",82.0
910,5357.020882627311,"['平均気温', '最低気温', '降水量', '日照時間', '平均風速', '平均蒸気圧', '平均現地気圧']",207.0
911,5538.944741019149,"['平均気温', '最低気温', '降水量', '日照時間', '平均風速', '平均湿度', '平均現地気圧']",873.0
912,5279.027343677386,"['平均気温', '最低気温', '降水量', '日照時間', '平均蒸気圧', '平均湿度', '平均現地気圧']",67.0
913,5280.6116980115385,"['平均気温', '最低気温', '降水量', '降雪量', '平均風速', '平均蒸気圧', '平均湿度']",83.0
914,5380.446989835079,"['平均気温', '最低気温', '降水量', '降雪量', '平均風速', '平均蒸気圧', '平均現地気圧']",295.0
915,5548.764267616819,"['平均気温', '最低気温', '降水量', '降雪量', '平均風速', '平均湿度', '平均現地気圧']",1018.0
916,5278.03258506744,"['平均気温', '最低気温', '降水量', '降雪量', '平均蒸気圧', '平均湿度', '平均現地気圧']",59.0
917,5281.015549029562,"['平均気温', '最低気温', '降水量', '平均風速', '平均蒸気圧', '平均湿度', '平均現地気圧']",87.0
918,5276.993266427823,"['平均気温', '最低気温', '日照時間', '降雪量', '平均風速', '平均蒸気圧', '平均湿度']",46.0
919,5367.4641434172945,"['平均気温', '最低気温', '日照時間', '降雪量', '平均風速', '平均蒸気圧', '平均現地気圧']",255.0
920,5537.287376106561,"['平均気温', '最低気温', '日照時間', '降雪量', '平均風速', '平均湿度', '平均現地気圧']",821.0
921,5277.019695830331,"['平均気温', '最低気温', '日照時間', '降雪量', '平均蒸気圧', '平均湿度', '平均現地気圧']",48.0
922,5277.579639591948,"['平均気温', '最低気温', '日照時間', '平均風速', '平均蒸気圧', '平均湿度', '平均現地気圧']",54.0
923,5278.078885350994,"['平均気温', '最低気温', '降雪量', '平均風速', '平均蒸気圧', '平均湿度', '平均現地気圧']",60.0
924,5276.430550697929,"['平均気温', '降水量', '日照時間', '降雪量', '平均風速', '平均蒸気圧', '平均湿度']",39.0
925,5360.079217168279,"['平均気温', '降水量', '日照時間', '降雪量', '平均風速', '平均蒸気圧', '平均現地気圧']",223.0
926,5547.36417489723,"['平均気温', '降水量', '日照時間', '降雪量', '平均風速', '平均湿度', '平均現地気圧']",1010.0
927,5277.731019775621,"['平均気温', '降水量', '日照時間', '降雪量', '平均蒸気圧', '平均湿度', '平均現地気圧']",55.0
928,5277.770394924902,"['平均気温', '降水量', '日照時間', '平均風速', '平均蒸気圧', '平均湿度', '平均現地気圧']",56.0
929,5281.307307077937,"['平均気温', '降水量', '降雪量', '平均風速', '平均蒸気圧', '平均湿度', '平均現地気圧']",92.0
930,5274.482375703921,"['平均気温', '日照時間', '降雪量', '平均風速', '平均蒸気圧', '平均湿度', '平均現地気圧']",22.0
931,5373.132160246444,"['最高気温', '最低気温', '降水量', '日照時間', '降雪量', '平均風速', '平均蒸気圧']",274.0
932,5545.3979229289,"['最高気温', '最低気温', '降水量', '日照時間', '降雪量', '平均風速', '平均湿度']",1000.0
933,5543.496829078435,"['最高気温', '最低気温', '降水量', '日照時間', '降雪量', '平均風速', '平均現地気圧']",976.0
934,5294.281272553153,"['最高気温', '最低気温', '降水量', '日照時間', '降雪量', '平均蒸気圧', '平均湿度']",149.0
935,5375.461962211337,"['最高気温', '最低気温', '降水量', '日照時間', '降雪量', '平均蒸気圧', '平均現地気圧']",286.0
936,5543.777094427957,"['最高気温', '最低気温', '降水量', '日照時間', '降雪量', '平均湿度', '平均現地気圧']",978.0
937,5296.389033471256,"['最高気温', '最低気温', '降水量', '日照時間', '平均風速', '平均蒸気圧', '平均湿度']",153.0
938,5364.123499832359,"['最高気温', '最低気温', '降水量', '日照時間', '平均風速', '平均蒸気圧', '平均現地気圧']",241.0
939,5544.8916679751865,"['最高気温', '最低気温', '降水量', '日照時間', '平均風速', '平均湿度', '平均現地気圧']",995.0
940,5293.4356841858735,"['最高気温', '最低気温', '降水量', '日照時間', '平均蒸気圧', '平均湿度', '平均現地気圧']",145.0
941,5297.431633116558,"['最高気温', '最低気温', '降水量', '降雪量', '平均風速', '平均蒸気圧', '平均湿度']",156.0
942,5382.935204915427,"['最高気温', '最低気温', '降水量', '降雪量', '平均風速', '平均蒸気圧', '平均現地気圧']",302.0
943,5550.627265512692,"['最高気温', '最低気温', '降水量', '降雪量', '平均風速', '平均湿度', '平均現地気圧']",1022.0
944,5293.858563950694,"['最高気温', '最低気温', '降水量', '降雪量', '平均蒸気圧', '平均湿度', '平均現地気圧']",148.0
945,5297.092625816634,"['最高気温', '最低気温', '降水量', '平均風速', '平均蒸気圧', '平均湿度', '平均現地気圧']",155.0
946,5293.820311794552,"['最高気温', '最低気温', '日照時間', '降雪量', '平均風速', '平均蒸気圧', '平均湿度']",147.0
947,5374.805256979373,"['最高気温', '最低気温', '日照時間', '降雪量', '平均風速', '平均蒸気圧', '平均現地気圧']",284.0
948,5543.561304839867,"['最高気温', '最低気温', '日照時間', '降雪量', '平均風速', '平均湿度', '平均現地気圧']",977.0
949,5291.572343906293,"['最高気温', '最低気温', '日照時間', '降雪量', '平均蒸気圧', '平均湿度', '平均現地気圧']",140.0
950,5293.771543548708,"['最高気温', '最低気温', '日照時間', '平均風速', '平均蒸気圧', '平均湿度', '平均現地気圧']",146.0
951,5295.004150061643,"['最高気温', '最低気温', '降雪量', '平均風速', '平均蒸気圧', '平均湿度', '平均現地気圧']",150.0
952,5346.492911978363,"['最高気温', '降水量', '日照時間', '降雪量', '平均風速', '平均蒸気圧', '平均湿度']",171.0
953,5409.70165154868,"['最高気温', '降水量', '日照時間', '降雪量', '平均風速', '平均蒸気圧', '平均現地気圧']",382.0
954,5547.277429264639,"['最高気温', '降水量', '日照時間', '降雪量', '平均風速', '平均湿度', '平均現地気圧']",1009.0
955,5358.61197674465,"['最高気温', '降水量', '日照時間', '降雪量', '平均蒸気圧', '平均湿度', '平均現地気圧']",216.0
956,5350.379589917497,"['最高気温', '降水量', '日照時間', '平均風速', '平均蒸気圧', '平均湿度', '平均現地気圧']",181.0
957,5389.7239131598,"['最高気温', '降水量', '降雪量', '平均風速', '平均蒸気圧', '平均湿度', '平均現地気圧']",326.0
958,5345.7798615007505,"['最高気温', '日照時間', '降雪量', '平均風速', '平均蒸気圧', '平均湿度', '平均現地気圧']",168.0
959,5354.713899155152,"['最低気温', '降水量', '日照時間', '降雪量', '平均風速', '平均蒸気圧', '平均湿度']",200.0
960,5383.165725374742,"['最低気温', '降水量', '日照時間', '降雪量', '平均風速', '平均蒸気圧', '平均現地気圧']",303.0
961,5547.545447346833,"['最低気温', '降水量', '日照時間', '降雪量', '平均風速', '平均湿度', '平均現地気圧']",1011.0
962,5353.659499874179,"['最低気温', '降水量', '日照時間', '降雪量', '平均蒸気圧', '平均湿度', '平均現地気圧']",195.0
963,5346.116955127172,"['最低気温', '降水量', '日照時間', '平均風速', '平均蒸気圧', '平均湿度', '平均現地気圧']",169.0
964,5355.61204804672,"['最低気温', '降水量', '降雪量', '平均風速', '平均蒸気圧', '平均湿度', '平均現地気圧']",202.0
965,5346.3311223912715,"['最低気温', '日照時間', '降雪量', '平均風速', '平均蒸気圧', '平均湿度', '平均現地気圧']",170.0
966,5529.209299541024,"['降水量', '日照時間', '降雪量', '平均風速', '平均蒸気圧', '平均湿度', '平均現地気圧']",592.0
967,5371.965217399937,"['平均気温', '最高気温', '最低気温', '降水量', '日照時間', '降雪量', '平均風速', '平均蒸気圧']",272.0
968,5543.077572788183,"['平均気温', '最高気温', '最低気温', '降水量', '日照時間', '降雪量', '平均風速', '平均湿度']",969.0
969,5541.129985122852,"['平均気温', '最高気温', '最低気温', '降水量', '日照時間', '降雪量', '平均風速', '平均現地気圧']",929.0
970,5286.599695008533,"['平均気温', '最高気温', '最低気温', '降水量', '日照時間', '降雪量', '平均蒸気圧', '平均湿度']",124.0
971,5370.732160265681,"['平均気温', '最高気温', '最低気温', '降水量', '日照時間', '降雪量', '平均蒸気圧', '平均現地気圧']",270.0
972,5542.996789909386,"['平均気温', '最高気温', '最低気温', '降水量', '日照時間', '降雪量', '平均湿度', '平均現地気圧']",966.0
973,5285.824161153194,"['平均気温', '最高気温', '最低気温', '降水量', '日照時間', '平均風速', '平均蒸気圧', '平均湿度']",121.0
974,5362.913133829138,"['平均気温', '最高気温', '最低気温', '降水量', '日照時間', '平均風速', '平均蒸気圧', '平均現地気圧']",235.0
975,5542.93860625979,"['平均気温', '最高気温', '最低気温', '降水量', '日照時間', '平均風速', '平均湿度', '平均現地気圧']",963.0
976,5284.689947738415,"['平均気温', '最高気温', '最低気温', '降水量', '日照時間', '平均蒸気圧', '平均湿度', '平均現地気圧']",114.0
977,5286.514292481544,"['平均気温', '最高気温', '最低気温', '降水量', '降雪量', '平均風速', '平均蒸気圧', '平均湿度']",123.0
978,5382.819343614976,"['平均気温', '最高気温', '最低気温', '降水量', '降雪量', '平均風速', '平均蒸気圧', '平均現地気圧']",301.0
979,5548.607745522252,"['平均気温', '最高気温', '最低気温', '降水量', '降雪量', '平均風速', '平均湿度', '平均現地気圧']",1017.0
980,5283.933372341437,"['平均気温', '最高気温', '最低気温', '降水量', '降雪量', '平均蒸気圧', '平均湿度', '平均現地気圧']",111.0
981,5286.902543393554,"['平均気温', '最高気温', '最低気温', '降水量', '平均風速', '平均蒸気圧', '平均湿度', '平均現地気圧']",125.0
982,5282.411862094845,"['平均気温', '最高気温', '最低気温', '日照時間', '降雪量', '平均風速', '平均蒸気圧', '平均湿度']",100.0
983,5373.32839441358,"['平均気温', '最高気温', '最低気温', '日照時間', '降雪量', '平均風速', '平均蒸気圧', '平均現地気圧']",278.0
984,5541.279065208718,"['平均気温', '最高気温', '最低気温', '日照時間', '降雪量', '平均風速', '平均湿度', '平均現地気圧']",930.0
985,5282.697133673099,"['平均気温', '最高気温', '最低気温', '日照時間', '降雪量', '平均蒸気圧', '平均湿度', '平均現地気圧']",101.0
986,5283.196096847161,"['平均気温', '最高気温', '最低気温', '日照時間', '平均風速', '平均蒸気圧', '平均湿度', '平均現地気圧']",104.0
987,5283.963059833519,"['平均気温', '最高気温', '最低気温', '降雪量', '平均風速', '平均蒸気圧', '平均湿度', '平均現地気圧']",112.0
988,5282.145576528745,"['平均気温', '最高気温', '降水量', '日照時間', '降雪量', '平均風速', '平均蒸気圧', '平均湿度']",97.0
989,5364.713283079926,"['平均気温', '最高気温', '降水量', '日照時間', '降雪量', '平均風速', '平均蒸気圧', '平均現地気圧']",244.0
990,5552.971913270895,"['平均気温', '最高気温', '降水量', '日照時間', '降雪量', '平均風速', '平均湿度', '平均現地気圧']",1023.0
991,5283.423219995734,"['平均気温', '最高気温', '降水量', '日照時間', '降雪量', '平均蒸気圧', '平均湿度', '平均現地気圧']",109.0
992,5283.660972154921,"['平均気温', '最高気温', '降水量', '日照時間', '平均風速', '平均蒸気圧', '平均湿度', '平均現地気圧']",110.0
993,5285.010813678066,"['平均気温', '最高気温', '降水量', '降雪量', '平均風速', '平均蒸気圧', '平均湿度', '平均現地気圧']",117.0
994,5280.33537022362,"['平均気温', '最高気温', '日照時間', '降雪量', '平均風速', '平均蒸気圧', '平均湿度', '平均現地気圧']",80.0
995,5282.262227244291,"['平均気温', '最低気温', '降水量', '日照時間', '降雪量', '平均風速', '平均蒸気圧', '平均湿度']",99.0
996,5362.452962868181,"['平均気温', '最低気温', '降水量', '日照時間', '降雪量', '平均風速', '平均蒸気圧', '平均現地気圧']",231.0
997,5543.019273133713,"['平均気温', '最低気温', '降水量', '日照時間', '降雪量', '平均風速', '平均湿度', '平均現地気圧']",967.0
998,5281.6802891357665,"['平均気温', '最低気温', '降水量', '日照時間', '降雪量', '平均蒸気圧', '平均湿度', '平均現地気圧']",96.0
999,5283.279218955879,"['平均気温', '最低気温', '降水量', '日照時間', '平均風速', '平均蒸気圧', '平均湿度', '平均現地気圧']",107.0
1000,5283.235006845594,"['平均気温', '最低気温', '降水量', '降雪量', '平均風速', '平均蒸気圧', '平均湿度', '平均現地気圧']",106.0
1001,5280.2057600936905,"['平均気温', '最低気温', '日照時間', '降雪量', '平均風速', '平均蒸気圧', '平均湿度', '平均現地気圧']",79.0
1002,5279.938011056577,"['平均気温', '降水量', '日照時間', '降雪量', '平均風速', '平均蒸気圧', '平均湿度', '平均現地気圧']",77.0
1003,5298.667995029347,"['最高気温', '最低気温', '降水量', '日照時間', '降雪量', '平均風速', '平均蒸気圧', '平均湿度']",157.0
1004,5369.578170003859,"['最高気温', '最低気温', '降水量', '日照時間', '降雪量', '平均風速', '平均蒸気圧', '平均現地気圧']",267.0
1005,5549.139876449869,"['最高気温', '最低気温', '降水量', '日照時間', '降雪量', '平均風速', '平均湿度', '平均現地気圧']",1019.0
1006,5296.249114479172,"['最高気温', '最低気温', '降水量', '日照時間', '降雪量', '平均蒸気圧', '平均湿度', '平均現地気圧']",152.0
1007,5299.193247809342,"['最高気温', '最低気温', '降水量', '日照時間', '平均風速', '平均蒸気圧', '平均湿度', '平均現地気圧']",158.0
1008,5299.737361756994,"['最高気温', '最低気温', '降水量', '降雪量', '平均風速', '平均蒸気圧', '平均湿度', '平均現地気圧']",159.0
1009,5296.909594967962,"['最高気温', '最低気温', '日照時間', '降雪量', '平均風速', '平均蒸気圧', '平均湿度', '平均現地気圧']",154.0
1010,5351.666397030327,"['最高気温', '降水量', '日照時間', '降雪量', '平均風速', '平均蒸気圧', '平均湿度', '平均現地気圧']",187.0
1011,5350.029574828828,"['最低気温', '降水量', '日照時間', '降雪量', '平均風速', '平均蒸気圧', '平均湿度', '平均現地気圧']",178.0
1012,5287.677482738078,"['平均気温', '最高気温', '最低気温', '降水量', '日照時間', '降雪量', '平均風速', '平均蒸気圧', '平均湿度']",128.0
1013,5368.344498557779,"['平均気温', '最高気温', '最低気温', '降水量', '日照時間', '降雪量', '平均風速', '平均蒸気圧', '平均現地気圧']",260.0
1014,5547.016548848458,"['平均気温', '最高気温', '最低気温', '降水量', '日照時間', '降雪量', '平均風速', '平均湿度', '平均現地気圧']",1007.0
1015,5287.339287534862,"['平均気温', '最高気温', '最低気温', '降水量', '日照時間', '降雪量', '平均蒸気圧', '平均湿度', '平均現地気圧']",127.0
1016,5288.892491791632,"['平均気温', '最高気温', '最低気温', '降水量', '日照時間', '平均風速', '平均蒸気圧', '平均湿度', '平均現地気圧']",131.0
1017,5289.125681218066,"['平均気温', '最高気温', '最低気温', '降水量', '降雪量', '平均風速', '平均蒸気圧', '平均湿度', '平均現地気圧']",133.0
1018,5285.815141383459,"['平均気温', '最高気温', '最低気温', '日照時間', '降雪量', '平均風速', '平均蒸気圧', '平均湿度', '平均現地気圧']",120.0
1019,5285.807334628932,"['平均気温', '最高気温', '降水量', '日照時間', '降雪量', '平均風速', '平均蒸気圧', '平均湿度', '平均現地気圧']",119.0
1020,5285.581596019298,"['平均気温', '最低気温', '降水量', '日照時間', '降雪量', '平均風速', '平均蒸気圧', '平均湿度', '平均現地気圧']",118.0
1021,5301.904699987301,"['最高気温', '最低気温', '降水量', '日照時間', '降雪量', '平均風速', '平均蒸気圧', '平均湿度', '平均現地気圧']",160.0
1022,5291.185292421336,"['平均気温', '最高気温', '最低気温', '降水量', '日照時間', '降雪量', '平均風速', '平均蒸気圧', '平均湿度', '平均現地気圧']",138.0
