,sum,combo
757,8.0,"['平均気温', '日照時間', '降雪量', '平均風速', '平均蒸気圧', '平均湿度']"
502,9.0,"['平均気温', '日照時間', '平均風速', '平均蒸気圧', '平均湿度']"
761,12.0,"['平均気温', '日照時間', '平均風速', '平均蒸気圧', '平均湿度', '平均現地気圧']"
505,22.0,"['平均気温', '日照時間', '平均蒸気圧', '平均湿度', '平均現地気圧']"
760,22.0,"['平均気温', '日照時間', '降雪量', '平均蒸気圧', '平均湿度', '平均現地気圧']"
930,23.0,"['平均気温', '日照時間', '降雪量', '平均風速', '平均蒸気圧', '平均湿度', '平均現地気圧']"
740,26.0,"['平均気温', '最低気温', '降雪量', '平均蒸気圧', '平均湿度', '平均現地気圧']"
475,29.0,"['平均気温', '最低気温', '平均蒸気圧', '平均湿度', '平均現地気圧']"
736,32.0,"['平均気温', '最低気温', '日照時間', '平均蒸気圧', '平均湿度', '平均現地気圧']"
924,45.0,"['平均気温', '降水量', '日照時間', '降雪量', '平均風速', '平均蒸気圧', '平均湿度']"
897,52.0,"['平均気温', '最高気温', '日照時間', '降雪量', '平均風速', '平均蒸気圧', '平均湿度']"
748,54.0,"['平均気温', '降水量', '日照時間', '平均風速', '平均蒸気圧', '平均湿度']"
698,56.0,"['平均気温', '最高気温', '日照時間', '平均風速', '平均蒸気圧', '平均湿度']"
918,57.0,"['平均気温', '最低気温', '日照時間', '降雪量', '平均風速', '平均蒸気圧', '平均湿度']"
733,59.0,"['平均気温', '最低気温', '日照時間', '平均風速', '平均蒸気圧', '平均湿度']"
921,60.0,"['平均気温', '最低気温', '日照時間', '降雪量', '平均蒸気圧', '平均湿度', '平均現地気圧']"
751,65.0,"['平均気温', '降水量', '日照時間', '平均蒸気圧', '平均湿度', '平均現地気圧']"
922,68.0,"['平均気温', '最低気温', '日照時間', '平均風速', '平均蒸気圧', '平均湿度', '平均現地気圧']"
741,71.0,"['平均気温', '最低気温', '平均風速', '平均蒸気圧', '平均湿度', '平均現地気圧']"
927,71.0,"['平均気温', '降水量', '日照時間', '降雪量', '平均蒸気圧', '平均湿度', '平均現地気圧']"
506,71.0,"['平均気温', '降雪量', '平均風速', '平均蒸気圧', '平均湿度']"
928,73.0,"['平均気温', '降水量', '日照時間', '平均風速', '平均蒸気圧', '平均湿度', '平均現地気圧']"
726,77.0,"['平均気温', '最低気温', '降水量', '平均蒸気圧', '平均湿度', '平均現地気圧']"
901,78.0,"['平均気温', '最高気温', '日照時間', '平均風速', '平均蒸気圧', '平均湿度', '平均現地気圧']"
737,80.0,"['平均気温', '最低気温', '降雪量', '平均風速', '平均蒸気圧', '平均湿度']"
1002,81.0,"['平均気温', '降水量', '日照時間', '降雪量', '平均風速', '平均蒸気圧', '平均湿度', '平均現地気圧']"
701,83.0,"['平均気温', '最高気温', '日照時間', '平均蒸気圧', '平均湿度', '平均現地気圧']"
916,83.0,"['平均気温', '最低気温', '降水量', '降雪量', '平均蒸気圧', '平均湿度', '平均現地気圧']"
1001,84.0,"['平均気温', '最低気温', '日照時間', '降雪量', '平均風速', '平均蒸気圧', '平均湿度', '平均現地気圧']"
440,84.0,"['平均気温', '最高気温', '平均蒸気圧', '平均湿度', '平均現地気圧']"
923,85.0,"['平均気温', '最低気温', '降雪量', '平均風速', '平均蒸気圧', '平均湿度', '平均現地気圧']"
762,86.0,"['平均気温', '降雪量', '平均風速', '平均蒸気圧', '平均湿度', '平均現地気圧']"
472,87.0,"['平均気温', '最低気温', '平均風速', '平均蒸気圧', '平均湿度']"
994,87.0,"['平均気温', '最高気温', '日照時間', '降雪量', '平均風速', '平均蒸気圧', '平均湿度', '平均現地気圧']"
671,92.0,"['平均気温', '最高気温', '最低気温', '平均蒸気圧', '平均湿度', '平均現地気圧']"
221,94.0,"['平均気温', '最低気温', '平均蒸気圧', '平均湿度']"
469,94.0,"['平均気温', '最低気温', '降雪量', '平均蒸気圧', '平均湿度']"
705,94.0,"['平均気温', '最高気温', '降雪量', '平均蒸気圧', '平均湿度', '平均現地気圧']"
900,97.0,"['平均気温', '最高気温', '日照時間', '降雪量', '平均蒸気圧', '平均湿度', '平均現地気圧']"
246,99.0,"['平均気温', '日照時間', '平均蒸気圧', '平均湿度']"
509,100.0,"['平均気温', '降雪量', '平均蒸気圧', '平均湿度', '平均現地気圧']"
499,102.0,"['平均気温', '日照時間', '降雪量', '平均蒸気圧', '平均湿度']"
912,102.0,"['平均気温', '最低気温', '降水量', '日照時間', '平均蒸気圧', '平均湿度', '平均現地気圧']"
510,104.0,"['平均気温', '平均風速', '平均蒸気圧', '平均湿度', '平均現地気圧']"
255,104.0,"['平均気温', '平均風速', '平均蒸気圧', '平均湿度']"
880,105.0,"['平均気温', '最高気温', '最低気温', '降雪量', '平均蒸気圧', '平均湿度', '平均現地気圧']"
463,109.0,"['平均気温', '最低気温', '日照時間', '平均蒸気圧', '平均湿度']"
258,109.0,"['平均気温', '平均蒸気圧', '平均湿度', '平均現地気圧']"
702,111.0,"['平均気温', '最高気温', '降雪量', '平均風速', '平均蒸気圧', '平均湿度']"
876,113.0,"['平均気温', '最高気温', '最低気温', '日照時間', '平均蒸気圧', '平均湿度', '平均現地気圧']"
998,115.0,"['平均気温', '最低気温', '降水量', '日照時間', '降雪量', '平均蒸気圧', '平均湿度', '平均現地気圧']"
720,120.0,"['平均気温', '最低気温', '降水量', '降雪量', '平均蒸気圧', '平均湿度']"
902,122.0,"['平均気温', '最高気温', '降雪量', '平均風速', '平均蒸気圧', '平均湿度', '平均現地気圧']"
706,124.0,"['平均気温', '最高気温', '平均風速', '平均蒸気圧', '平均湿度', '平均現地気圧']"
988,124.0,"['平均気温', '最高気温', '降水量', '日照時間', '降雪量', '平均風速', '平均蒸気圧', '平均湿度']"
995,127.0,"['平均気温', '最低気温', '降水量', '日照時間', '降雪量', '平均風速', '平均蒸気圧', '平均湿度']"
437,127.0,"['平均気温', '最高気温', '平均風速', '平均蒸気圧', '平均湿度']"
982,129.0,"['平均気温', '最高気温', '最低気温', '日照時間', '降雪量', '平均風速', '平均蒸気圧', '平均湿度']"
730,129.0,"['平均気温', '最低気温', '日照時間', '降雪量', '平均蒸気圧', '平均湿度']"
745,132.0,"['平均気温', '降水量', '日照時間', '降雪量', '平均蒸気圧', '平均湿度']"
453,133.0,"['平均気温', '最低気温', '降水量', '平均蒸気圧', '平均湿度']"
985,135.0,"['平均気温', '最高気温', '最低気温', '日照時間', '降雪量', '平均蒸気圧', '平均湿度', '平均現地気圧']"
873,135.0,"['平均気温', '最高気温', '最低気温', '日照時間', '平均風速', '平均蒸気圧', '平均湿度']"
1020,136.0,"['平均気温', '最低気温', '降水量', '日照時間', '降雪量', '平均風速', '平均蒸気圧', '平均湿度', '平均現地気圧']"
88,137.0,"['平均気温', '平均蒸気圧', '平均湿度']"
483,138.0,"['平均気温', '降水量', '日照時間', '平均蒸気圧', '平均湿度']"
888,139.0,"['平均気温', '最高気温', '降水量', '日照時間', '平均風速', '平均蒸気圧', '平均湿度']"
909,141.0,"['平均気温', '最低気温', '降水量', '日照時間', '平均風速', '平均蒸気圧', '平均湿度']"
1019,141.0,"['平均気温', '最高気温', '降水量', '日照時間', '降雪量', '平均風速', '平均蒸気圧', '平均湿度', '平均現地気圧']"
986,142.0,"['平均気温', '最高気温', '最低気温', '日照時間', '平均風速', '平均蒸気圧', '平均湿度', '平均現地気圧']"
1018,143.0,"['平均気温', '最高気温', '最低気温', '日照時間', '降雪量', '平均風速', '平均蒸気圧', '平均湿度', '平均現地気圧']"
752,143.0,"['平均気温', '降水量', '降雪量', '平均風速', '平均蒸気圧', '平均湿度']"
913,144.0,"['平均気温', '最低気温', '降水量', '降雪量', '平均風速', '平均蒸気圧', '平均湿度']"
1000,145.0,"['平均気温', '最低気温', '降水量', '降雪量', '平均風速', '平均蒸気圧', '平均湿度', '平均現地気圧']"
252,147.0,"['平均気温', '降雪量', '平均蒸気圧', '平均湿度']"
999,148.0,"['平均気温', '最低気温', '降水量', '日照時間', '平均風速', '平均蒸気圧', '平均湿度', '平均現地気圧']"
891,148.0,"['平均気温', '最高気温', '降水量', '日照時間', '平均蒸気圧', '平均湿度', '平均現地気圧']"
200,151.0,"['平均気温', '最高気温', '平均蒸気圧', '平均湿度']"
895,151.0,"['平均気温', '最高気温', '降水量', '降雪量', '平均蒸気圧', '平均湿度', '平均現地気圧']"
755,151.0,"['平均気温', '降水量', '降雪量', '平均蒸気圧', '平均湿度', '平均現地気圧']"
403,153.0,"['平均気温', '最高気温', '最低気温', '平均蒸気圧', '平均湿度']"
917,153.0,"['平均気温', '最低気温', '降水量', '平均風速', '平均蒸気圧', '平均湿度', '平均現地気圧']"
991,154.0,"['平均気温', '最高気温', '降水量', '日照時間', '降雪量', '平均蒸気圧', '平均湿度', '平均現地気圧']"
495,155.0,"['平均気温', '降水量', '平均蒸気圧', '平均湿度', '平均現地気圧']"
691,155.0,"['平均気温', '最高気温', '降水量', '平均蒸気圧', '平均湿度', '平均現地気圧']"
428,157.0,"['平均気温', '最高気温', '日照時間', '平均蒸気圧', '平均湿度']"
906,158.0,"['平均気温', '最低気温', '降水量', '日照時間', '降雪量', '平均蒸気圧', '平均湿度']"
723,160.0,"['平均気温', '最低気温', '降水量', '平均風速', '平均蒸気圧', '平均湿度']"
492,160.0,"['平均気温', '降水量', '平均風速', '平均蒸気圧', '平均湿度']"
992,161.0,"['平均気温', '最高気温', '降水量', '日照時間', '平均風速', '平均蒸気圧', '平均湿度', '平均現地気圧']"
714,162.0,"['平均気温', '最低気温', '降水量', '日照時間', '平均蒸気圧', '平均湿度']"
980,164.0,"['平均気温', '最高気温', '最低気温', '降水量', '降雪量', '平均蒸気圧', '平均湿度', '平均現地気圧']"
929,166.0,"['平均気温', '降水量', '降雪量', '平均風速', '平均蒸気圧', '平均湿度', '平均現地気圧']"
987,166.0,"['平均気温', '最高気温', '最低気温', '降雪量', '平均風速', '平均蒸気圧', '平均湿度', '平均現地気圧']"
881,169.0,"['平均気温', '最高気温', '最低気温', '平均風速', '平均蒸気圧', '平均湿度', '平均現地気圧']"
434,172.0,"['平均気温', '最高気温', '降雪量', '平均蒸気圧', '平均湿度']"
236,173.0,"['平均気温', '降水量', '平均蒸気圧', '平均湿度']"
1015,174.0,"['平均気温', '最高気温', '最低気温', '降水量', '日照時間', '降雪量', '平均蒸気圧', '平均湿度', '平均現地気圧']"
866,174.0,"['平均気温', '最高気温', '最低気温', '降水量', '平均蒸気圧', '平均湿度', '平均現地気圧']"
668,175.0,"['平均気温', '最高気温', '最低気温', '平均風速', '平均蒸気圧', '平均湿度']"
976,176.0,"['平均気温', '最高気温', '最低気温', '降水量', '日照時間', '平均蒸気圧', '平均湿度', '平均現地気圧']"
877,176.0,"['平均気温', '最高気温', '最低気温', '降雪量', '平均風速', '平均蒸気圧', '平均湿度']"
665,180.0,"['平均気温', '最高気温', '最低気温', '降雪量', '平均蒸気圧', '平均湿度']"
1012,180.0,"['平均気温', '最高気温', '最低気温', '降水量', '日照時間', '降雪量', '平均風速', '平均蒸気圧', '平均湿度']"
1022,181.0,"['平均気温', '最高気温', '最低気温', '降水量', '日照時間', '降雪量', '平均風速', '平均蒸気圧', '平均湿度', '平均現地気圧']"
695,183.0,"['平均気温', '最高気温', '日照時間', '降雪量', '平均蒸気圧', '平均湿度']"
489,184.0,"['平均気温', '降水量', '降雪量', '平均蒸気圧', '平均湿度']"
756,185.0,"['平均気温', '降水量', '平均風速', '平均蒸気圧', '平均湿度', '平均現地気圧']"
993,185.0,"['平均気温', '最高気温', '降水量', '降雪量', '平均風速', '平均蒸気圧', '平均湿度', '平均現地気圧']"
892,185.0,"['平均気温', '最高気温', '降水量', '降雪量', '平均風速', '平均蒸気圧', '平均湿度']"
659,187.0,"['平均気温', '最高気温', '最低気温', '日照時間', '平均蒸気圧', '平均湿度']"
418,195.0,"['平均気温', '最高気温', '降水量', '平均蒸気圧', '平均湿度']"
1016,198.0,"['平均気温', '最高気温', '最低気温', '降水量', '日照時間', '平均風速', '平均蒸気圧', '平均湿度', '平均現地気圧']"
870,200.0,"['平均気温', '最高気温', '最低気温', '日照時間', '降雪量', '平均蒸気圧', '平均湿度']"
688,201.0,"['平均気温', '最高気温', '降水量', '平均風速', '平均蒸気圧', '平均湿度']"
896,205.0,"['平均気温', '最高気温', '降水量', '平均風速', '平均蒸気圧', '平均湿度', '平均現地気圧']"
973,207.0,"['平均気温', '最高気温', '最低気温', '降水量', '日照時間', '平均風速', '平均蒸気圧', '平均湿度']"
685,207.0,"['平均気温', '最高気温', '降水量', '降雪量', '平均蒸気圧', '平均湿度']"
1017,208.0,"['平均気温', '最高気温', '最低気温', '降水量', '降雪量', '平均風速', '平均蒸気圧', '平均湿度', '平均現地気圧']"
860,209.0,"['平均気温', '最高気温', '最低気温', '降水量', '降雪量', '平均蒸気圧', '平均湿度']"
649,210.0,"['平均気温', '最高気温', '最低気温', '降水量', '平均蒸気圧', '平均湿度']"
679,212.0,"['平均気温', '最高気温', '降水量', '日照時間', '平均蒸気圧', '平均湿度']"
977,214.0,"['平均気温', '最高気温', '最低気温', '降水量', '降雪量', '平均風速', '平均蒸気圧', '平均湿度']"
885,215.0,"['平均気温', '最高気温', '降水量', '日照時間', '降雪量', '平均蒸気圧', '平均湿度']"
970,217.0,"['平均気温', '最高気温', '最低気温', '降水量', '日照時間', '降雪量', '平均蒸気圧', '平均湿度']"
854,225.0,"['平均気温', '最高気温', '最低気温', '降水量', '日照時間', '平均蒸気圧', '平均湿度']"
981,225.0,"['平均気温', '最高気温', '最低気温', '降水量', '平均風速', '平均蒸気圧', '平均湿度', '平均現地気圧']"
863,233.0,"['平均気温', '最高気温', '最低気温', '降水量', '平均風速', '平均蒸気圧', '平均湿度']"
545,258.0,"['最高気温', '最低気温', '平均蒸気圧', '平均湿度', '平均現地気圧']"
792,260.0,"['最高気温', '最低気温', '日照時間', '平均蒸気圧', '平均湿度', '平均現地気圧']"
796,265.0,"['最高気温', '最低気温', '降雪量', '平均蒸気圧', '平均湿度', '平均現地気圧']"
949,269.0,"['最高気温', '最低気温', '日照時間', '降雪量', '平均蒸気圧', '平均湿度', '平均現地気圧']"
277,270.0,"['最高気温', '最低気温', '平均蒸気圧', '平均湿度']"
533,271.0,"['最高気温', '最低気温', '日照時間', '平均蒸気圧', '平均湿度']"
786,277.0,"['最高気温', '最低気温', '日照時間', '降雪量', '平均蒸気圧', '平均湿度']"
539,278.0,"['最高気温', '最低気温', '降雪量', '平均蒸気圧', '平均湿度']"
940,279.0,"['最高気温', '最低気温', '降水量', '日照時間', '平均蒸気圧', '平均湿度', '平均現地気圧']"
789,280.0,"['最高気温', '最低気温', '日照時間', '平均風速', '平均蒸気圧', '平均湿度']"
950,281.0,"['最高気温', '最低気温', '日照時間', '平均風速', '平均蒸気圧', '平均湿度', '平均現地気圧']"
1006,283.0,"['最高気温', '最低気温', '降水量', '日照時間', '降雪量', '平均蒸気圧', '平均湿度', '平均現地気圧']"
946,284.0,"['最高気温', '最低気温', '日照時間', '降雪量', '平均風速', '平均蒸気圧', '平均湿度']"
782,285.0,"['最高気温', '最低気温', '降水量', '平均蒸気圧', '平均湿度', '平均現地気圧']"
1009,286.0,"['最高気温', '最低気温', '日照時間', '降雪量', '平均風速', '平均蒸気圧', '平均湿度', '平均現地気圧']"
944,286.0,"['最高気温', '最低気温', '降水量', '降雪量', '平均蒸気圧', '平均湿度', '平均現地気圧']"
770,289.0,"['最高気温', '最低気温', '降水量', '日照時間', '平均蒸気圧', '平均湿度']"
934,289.0,"['最高気温', '最低気温', '降水量', '日照時間', '降雪量', '平均蒸気圧', '平均湿度']"
797,292.0,"['最高気温', '最低気温', '平均風速', '平均蒸気圧', '平均湿度', '平均現地気圧']"
523,292.0,"['最高気温', '最低気温', '降水量', '平均蒸気圧', '平均湿度']"
951,294.0,"['最高気温', '最低気温', '降雪量', '平均風速', '平均蒸気圧', '平均湿度', '平均現地気圧']"
542,294.0,"['最高気温', '最低気温', '平均風速', '平均蒸気圧', '平均湿度']"
776,294.0,"['最高気温', '最低気温', '降水量', '降雪量', '平均蒸気圧', '平均湿度']"
1021,299.0,"['最高気温', '最低気温', '降水量', '日照時間', '降雪量', '平均風速', '平均蒸気圧', '平均湿度', '平均現地気圧']"
1003,299.0,"['最高気温', '最低気温', '降水量', '日照時間', '降雪量', '平均風速', '平均蒸気圧', '平均湿度']"
793,299.0,"['最高気温', '最低気温', '降雪量', '平均風速', '平均蒸気圧', '平均湿度']"
1007,305.0,"['最高気温', '最低気温', '降水量', '日照時間', '平均風速', '平均蒸気圧', '平均湿度', '平均現地気圧']"
937,306.0,"['最高気温', '最低気温', '降水量', '日照時間', '平均風速', '平均蒸気圧', '平均湿度']"
1008,311.0,"['最高気温', '最低気温', '降水量', '降雪量', '平均風速', '平均蒸気圧', '平均湿度', '平均現地気圧']"
945,311.0,"['最高気温', '最低気温', '降水量', '平均風速', '平均蒸気圧', '平均湿度', '平均現地気圧']"
779,311.0,"['最高気温', '最低気温', '降水量', '平均風速', '平均蒸気圧', '平均湿度']"
941,313.0,"['最高気温', '最低気温', '降水量', '降雪量', '平均風速', '平均蒸気圧', '平均湿度']"
813,323.0,"['最高気温', '日照時間', '降雪量', '平均風速', '平均蒸気圧', '平均湿度']"
838,325.0,"['最低気温', '日照時間', '平均風速', '平均蒸気圧', '平均湿度', '平均現地気圧']"
572,329.0,"['最高気温', '日照時間', '平均風速', '平均蒸気圧', '平均湿度']"
958,331.0,"['最高気温', '日照時間', '降雪量', '平均風速', '平均蒸気圧', '平均湿度', '平均現地気圧']"
963,333.0,"['最低気温', '降水量', '日照時間', '平均風速', '平均蒸気圧', '平均湿度', '平均現地気圧']"
817,334.0,"['最高気温', '日照時間', '平均風速', '平均蒸気圧', '平均湿度', '平均現地気圧']"
965,336.0,"['最低気温', '日照時間', '降雪量', '平均風速', '平均蒸気圧', '平均湿度', '平均現地気圧']"
952,338.0,"['最高気温', '降水量', '日照時間', '降雪量', '平均風速', '平均蒸気圧', '平均湿度']"
804,338.0,"['最高気温', '降水量', '日照時間', '平均風速', '平均蒸気圧', '平均湿度']"
610,339.0,"['最低気温', '日照時間', '平均蒸気圧', '平均湿度', '平均現地気圧']"
1011,343.0,"['最低気温', '降水量', '日照時間', '降雪量', '平均風速', '平均蒸気圧', '平均湿度', '平均現地気圧']"
837,348.0,"['最低気温', '日照時間', '降雪量', '平均蒸気圧', '平均湿度', '平均現地気圧']"
615,349.0,"['最低気温', '平均風速', '平均蒸気圧', '平均湿度', '平均現地気圧']"
337,352.0,"['最低気温', '日照時間', '平均蒸気圧', '平均湿度']"
956,353.0,"['最高気温', '降水量', '日照時間', '平均風速', '平均蒸気圧', '平均湿度', '平均現地気圧']"
607,354.0,"['最低気温', '日照時間', '平均風速', '平均蒸気圧', '平均湿度']"
828,356.0,"['最低気温', '降水量', '日照時間', '平均蒸気圧', '平均湿度', '平均現地気圧']"
1010,356.0,"['最高気温', '降水量', '日照時間', '降雪量', '平均風速', '平均蒸気圧', '平均湿度', '平均現地気圧']"
604,361.0,"['最低気温', '日照時間', '降雪量', '平均蒸気圧', '平均湿度']"
833,362.0,"['最低気温', '降水量', '平均風速', '平均蒸気圧', '平均湿度', '平均現地気圧']"
825,364.0,"['最低気温', '降水量', '日照時間', '平均風速', '平均蒸気圧', '平均湿度']"
839,367.0,"['最低気温', '降雪量', '平均風速', '平均蒸気圧', '平均湿度', '平均現地気圧']"
834,369.0,"['最低気温', '日照時間', '降雪量', '平均風速', '平均蒸気圧', '平均湿度']"
588,369.0,"['最低気温', '降水量', '日照時間', '平均蒸気圧', '平均湿度']"
962,370.0,"['最低気温', '降水量', '日照時間', '降雪量', '平均蒸気圧', '平均湿度', '平均現地気圧']"
349,371.0,"['最低気温', '平均蒸気圧', '平均湿度', '平均現地気圧']"
575,376.0,"['最高気温', '日照時間', '平均蒸気圧', '平均湿度', '平均現地気圧']"
959,378.0,"['最低気温', '降水量', '日照時間', '降雪量', '平均風速', '平均蒸気圧', '平均湿度']"
822,381.0,"['最低気温', '降水量', '日照時間', '降雪量', '平均蒸気圧', '平均湿度']"
816,383.0,"['最高気温', '日照時間', '降雪量', '平均蒸気圧', '平均湿度', '平均現地気圧']"
964,386.0,"['最低気温', '降水量', '降雪量', '平均風速', '平均蒸気圧', '平均湿度', '平均現地気圧']"
614,388.0,"['最低気温', '降雪量', '平均蒸気圧', '平均湿度', '平均現地気圧']"
137,393.0,"['最低気温', '平均蒸気圧', '平均湿度']"
910,394.0,"['平均気温', '最低気温', '降水量', '日照時間', '平均風速', '平均蒸気圧', '平均現地気圧']"
749,394.0,"['平均気温', '降水量', '日照時間', '平均風速', '平均蒸気圧', '平均現地気圧']"
302,399.0,"['最高気温', '日照時間', '平均蒸気圧', '平均湿度']"
600,399.0,"['最低気温', '降水量', '平均蒸気圧', '平均湿度', '平均現地気圧']"
484,402.0,"['平均気温', '降水量', '日照時間', '平均蒸気圧', '平均現地気圧']"
346,404.0,"['最低気温', '平均風速', '平均蒸気圧', '平均湿度']"
807,405.0,"['最高気温', '降水量', '日照時間', '平均蒸気圧', '平均湿度', '平均現地気圧']"
569,405.0,"['最高気温', '日照時間', '降雪量', '平均蒸気圧', '平均湿度']"
955,408.0,"['最高気温', '降水量', '日照時間', '降雪量', '平均蒸気圧', '平均湿度', '平均現地気圧']"
226,412.0,"['平均気温', '降水量', '日照時間', '平均蒸気圧']"
343,414.0,"['最低気温', '降雪量', '平均蒸気圧', '平均湿度']"
832,415.0,"['最低気温', '降水量', '降雪量', '平均蒸気圧', '平均湿度', '平均現地気圧']"
889,416.0,"['平均気温', '最高気温', '降水量', '日照時間', '平均風速', '平均蒸気圧', '平均現地気圧']"
597,419.0,"['最低気温', '降水量', '平均風速', '平均蒸気圧', '平均湿度']"
925,421.0,"['平均気温', '降水量', '日照時間', '降雪量', '平均風速', '平均蒸気圧', '平均現地気圧']"
801,422.0,"['最高気温', '降水量', '日照時間', '降雪量', '平均蒸気圧', '平均湿度']"
996,422.0,"['平均気温', '最低気温', '降水量', '日照時間', '降雪量', '平均風速', '平均蒸気圧', '平均現地気圧']"
553,423.0,"['最高気温', '降水量', '日照時間', '平均蒸気圧', '平均湿度']"
746,427.0,"['平均気温', '降水量', '日照時間', '降雪量', '平均蒸気圧', '平均現地気圧']"
327,427.0,"['最低気温', '降水量', '平均蒸気圧', '平均湿度']"
611,428.0,"['最低気温', '降雪量', '平均風速', '平均蒸気圧', '平均湿度']"
715,430.0,"['平均気温', '最低気温', '降水量', '日照時間', '平均蒸気圧', '平均現地気圧']"
974,430.0,"['平均気温', '最高気温', '最低気温', '降水量', '日照時間', '平均風速', '平均蒸気圧', '平均現地気圧']"
680,432.0,"['平均気温', '最高気温', '降水量', '日照時間', '平均蒸気圧', '平均現地気圧']"
480,433.0,"['平均気温', '降水量', '日照時間', '平均風速', '平均蒸気圧']"
829,437.0,"['最低気温', '降水量', '降雪量', '平均風速', '平均蒸気圧', '平均湿度']"
594,439.0,"['最低気温', '降水量', '降雪量', '平均蒸気圧', '平均湿度']"
503,443.0,"['平均気温', '日照時間', '平均風速', '平均蒸気圧', '平均現地気圧']"
711,443.0,"['平均気温', '最低気温', '降水量', '日照時間', '平均風速', '平均蒸気圧']"
247,445.0,"['平均気温', '日照時間', '平均蒸気圧', '平均現地気圧']"
989,446.0,"['平均気温', '最高気温', '降水量', '日照時間', '降雪量', '平均風速', '平均蒸気圧', '平均現地気圧']"
477,446.0,"['平均気温', '降水量', '日照時間', '降雪量', '平均蒸気圧']"
443,451.0,"['平均気温', '最低気温', '降水量', '日照時間', '平均蒸気圧']"
938,453.0,"['最高気温', '最低気温', '降水量', '日照時間', '平均風速', '平均蒸気圧', '平均現地気圧']"
734,454.0,"['平均気温', '最低気温', '日照時間', '平均風速', '平均蒸気圧', '平均現地気圧']"
408,455.0,"['平均気温', '最高気温', '降水量', '日照時間', '平均蒸気圧']"
1013,461.0,"['平均気温', '最高気温', '最低気温', '降水量', '日照時間', '降雪量', '平均風速', '平均蒸気圧', '平均現地気圧']"
742,463.0,"['平均気温', '降水量', '日照時間', '降雪量', '平均風速', '平均蒸気圧']"
907,464.0,"['平均気温', '最低気温', '降水量', '日照時間', '降雪量', '平均蒸気圧', '平均現地気圧']"
676,467.0,"['平均気温', '最高気温', '降水量', '日照時間', '平均風速', '平均蒸気圧']"
886,469.0,"['平均気温', '最高気温', '降水量', '日照時間', '降雪量', '平均蒸気圧', '平均現地気圧']"
78,470.0,"['平均気温', '日照時間', '平均蒸気圧']"
855,472.0,"['平均気温', '最高気温', '最低気温', '降水量', '日照時間', '平均蒸気圧', '平均現地気圧']"
699,475.0,"['平均気温', '最高気温', '日照時間', '平均風速', '平均蒸気圧', '平均現地気圧']"
464,476.0,"['平均気温', '最低気温', '日照時間', '平均蒸気圧', '平均現地気圧']"
429,478.0,"['平均気温', '最高気温', '日照時間', '平均蒸気圧', '平均現地気圧']"
903,479.0,"['平均気温', '最低気温', '降水量', '日照時間', '降雪量', '平均風速', '平均蒸気圧']"
708,482.0,"['平均気温', '最低気温', '降水量', '日照時間', '降雪量', '平均蒸気圧']"
500,482.0,"['平均気温', '日照時間', '降雪量', '平均蒸気圧', '平均現地気圧']"
851,485.0,"['平均気温', '最高気温', '最低気温', '降水量', '日照時間', '平均風速', '平均蒸気圧']"
758,485.0,"['平均気温', '日照時間', '降雪量', '平均風速', '平均蒸気圧', '平均現地気圧']"
673,489.0,"['平均気温', '最高気温', '降水量', '日照時間', '降雪量', '平均蒸気圧']"
639,491.0,"['平均気温', '最高気温', '最低気温', '降水量', '日照時間', '平均蒸気圧']"
874,494.0,"['平均気温', '最高気温', '最低気温', '日照時間', '平均風速', '平均蒸気圧', '平均現地気圧']"
1004,495.0,"['最高気温', '最低気温', '降水量', '日照時間', '降雪量', '平均風速', '平均蒸気圧', '平均現地気圧']"
919,496.0,"['平均気温', '最低気温', '日照時間', '降雪量', '平均風速', '平均蒸気圧', '平均現地気圧']"
243,497.0,"['平均気温', '日照時間', '平均風速', '平均蒸気圧']"
211,499.0,"['平均気温', '最低気温', '日照時間', '平均蒸気圧']"
882,500.0,"['平均気温', '最高気温', '降水量', '日照時間', '降雪量', '平均風速', '平均蒸気圧']"
190,504.0,"['平均気温', '最高気温', '日照時間', '平均蒸気圧']"
240,506.0,"['平均気温', '日照時間', '降雪量', '平均蒸気圧']"
660,506.0,"['平均気温', '最高気温', '最低気温', '日照時間', '平均蒸気圧', '平均現地気圧']"
731,508.0,"['平均気温', '最低気温', '日照時間', '降雪量', '平均蒸気圧', '平均現地気圧']"
971,508.0,"['平均気温', '最高気温', '最低気温', '降水量', '日照時間', '降雪量', '平均蒸気圧', '平均現地気圧']"
696,510.0,"['平均気温', '最高気温', '日照時間', '降雪量', '平均蒸気圧', '平均現地気圧']"
898,514.0,"['平均気温', '最高気温', '日照時間', '降雪量', '平均風速', '平均蒸気圧', '平均現地気圧']"
767,515.0,"['最高気温', '最低気温', '降水量', '日照時間', '平均風速', '平均蒸気圧']"
967,518.0,"['平均気温', '最高気温', '最低気温', '降水量', '日照時間', '降雪量', '平均風速', '平均蒸気圧']"
460,519.0,"['平均気温', '最低気温', '日照時間', '平均風速', '平均蒸気圧']"
848,522.0,"['平均気温', '最高気温', '最低気温', '降水量', '日照時間', '降雪量', '平均蒸気圧']"
790,523.0,"['最高気温', '最低気温', '日照時間', '平均風速', '平均蒸気圧', '平均現地気圧']"
513,529.0,"['最高気温', '最低気温', '降水量', '日照時間', '平均蒸気圧']"
983,530.0,"['平均気温', '最高気温', '最低気温', '日照時間', '降雪量', '平均風速', '平均蒸気圧', '平均現地気圧']"
425,531.0,"['平均気温', '最高気温', '日照時間', '平均風速', '平均蒸気圧']"
771,532.0,"['最高気温', '最低気温', '降水量', '日照時間', '平均蒸気圧', '平均現地気圧']"
496,534.0,"['平均気温', '日照時間', '降雪量', '平均風速', '平均蒸気圧']"
931,535.0,"['最高気温', '最低気温', '降水量', '日照時間', '降雪量', '平均風速', '平均蒸気圧']"
457,536.0,"['平均気温', '最低気温', '日照時間', '降雪量', '平均蒸気圧']"
393,538.0,"['平均気温', '最高気温', '最低気温', '日照時間', '平均蒸気圧']"
871,539.0,"['平均気温', '最高気温', '最低気温', '日照時間', '降雪量', '平均蒸気圧', '平均現地気圧']"
422,542.0,"['平均気温', '最高気温', '日照時間', '降雪量', '平均蒸気圧']"
947,550.0,"['最高気温', '最低気温', '日照時間', '降雪量', '平均風速', '平均蒸気圧', '平均現地気圧']"
727,552.0,"['平均気温', '最低気温', '日照時間', '降雪量', '平均風速', '平均蒸気圧']"
656,554.0,"['平均気温', '最高気温', '最低気温', '日照時間', '平均風速', '平均蒸気圧']"
935,556.0,"['最高気温', '最低気温', '降水量', '日照時間', '降雪量', '平均蒸気圧', '平均現地気圧']"
534,557.0,"['最高気温', '最低気温', '日照時間', '平均蒸気圧', '平均現地気圧']"
764,559.0,"['最高気温', '最低気温', '降水量', '日照時間', '降雪量', '平均蒸気圧']"
692,562.0,"['平均気温', '最高気温', '日照時間', '降雪量', '平均風速', '平均蒸気圧']"
653,565.0,"['平均気温', '最高気温', '最低気温', '日照時間', '降雪量', '平均蒸気圧']"
864,566.0,"['平均気温', '最高気温', '最低気温', '降水量', '平均風速', '平均蒸気圧', '平均現地気圧']"
724,568.0,"['平均気温', '最低気温', '降水量', '平均風速', '平均蒸気圧', '平均現地気圧']"
267,569.0,"['最高気温', '最低気温', '日照時間', '平均蒸気圧']"
598,569.0,"['最低気温', '降水量', '平均風速', '平均蒸気圧', '平均現地気圧']"
530,574.0,"['最高気温', '最低気温', '日照時間', '平均風速', '平均蒸気圧']"
780,576.0,"['最高気温', '最低気温', '降水量', '平均風速', '平均蒸気圧', '平均現地気圧']"
867,577.0,"['平均気温', '最高気温', '最低気温', '日照時間', '降雪量', '平均風速', '平均蒸気圧']"
787,579.0,"['最高気温', '最低気温', '日照時間', '降雪量', '平均蒸気圧', '平均現地気圧']"
826,581.0,"['最低気温', '降水量', '日照時間', '平均風速', '平均蒸気圧', '平均現地気圧']"
914,582.0,"['平均気温', '最低気温', '降水量', '降雪量', '平均風速', '平均蒸気圧', '平均現地気圧']"
978,585.0,"['平均気温', '最高気温', '最低気温', '降水量', '降雪量', '平均風速', '平均蒸気圧', '平均現地気圧']"
830,587.0,"['最低気温', '降水量', '降雪量', '平均風速', '平均蒸気圧', '平均現地気圧']"
527,590.0,"['最高気温', '最低気温', '日照時間', '降雪量', '平均蒸気圧']"
783,593.0,"['最高気温', '最低気温', '日照時間', '降雪量', '平均風速', '平均蒸気圧']"
942,595.0,"['最高気温', '最低気温', '降水量', '降雪量', '平均風速', '平均蒸気圧', '平均現地気圧']"
689,596.0,"['平均気温', '最高気温', '降水量', '平均風速', '平均蒸気圧', '平均現地気圧']"
576,596.0,"['最高気温', '降雪量', '平均風速', '平均蒸気圧', '平均湿度']"
960,598.0,"['最低気温', '降水量', '日照時間', '降雪量', '平均風速', '平均蒸気圧', '平均現地気圧']"
608,602.0,"['最低気温', '日照時間', '平均風速', '平均蒸気圧', '平均現地気圧']"
311,607.0,"['最高気温', '平均風速', '平均蒸気圧', '平均湿度']"
818,608.0,"['最高気温', '降雪量', '平均風速', '平均蒸気圧', '平均湿度', '平均現地気圧']"
580,614.0,"['最高気温', '平均風速', '平均蒸気圧', '平均湿度', '平均現地気圧']"
893,615.0,"['平均気温', '最高気温', '降水量', '降雪量', '平均風速', '平均蒸気圧', '平均現地気圧']"
347,615.0,"['最低気温', '平均風速', '平均蒸気圧', '平均現地気圧']"
808,616.0,"['最高気温', '降水量', '降雪量', '平均風速', '平均蒸気圧', '平均湿度']"
579,619.0,"['最高気温', '降雪量', '平均蒸気圧', '平均湿度', '平均現地気圧']"
450,621.0,"['平均気温', '最低気温', '降水量', '平均風速', '平均蒸気圧']"
669,623.0,"['平均気温', '最高気温', '最低気温', '平均風速', '平均蒸気圧', '平均現地気圧']"
646,626.0,"['平均気温', '最高気温', '最低気温', '降水量', '平均風速', '平均蒸気圧']"
314,627.0,"['最高気温', '平均蒸気圧', '平均湿度', '平均現地気圧']"
835,629.0,"['最低気温', '日照時間', '降雪量', '平均風速', '平均蒸気圧', '平均現地気圧']"
957,630.0,"['最高気温', '降水量', '降雪量', '平均風速', '平均蒸気圧', '平均湿度', '平均現地気圧']"
324,632.0,"['最低気温', '降水量', '平均風速', '平均蒸気圧']"
473,632.0,"['平均気温', '最低気温', '平均風速', '平均蒸気圧', '平均現地気圧']"
562,634.0,"['最高気温', '降水量', '平均風速', '平均蒸気圧', '平均湿度']"
585,637.0,"['最低気温', '降水量', '日照時間', '平均風速', '平均蒸気圧']"
520,640.0,"['最高気温', '最低気温', '降水量', '平均風速', '平均蒸気圧']"
812,641.0,"['最高気温', '降水量', '平均風速', '平均蒸気圧', '平均湿度', '平均現地気圧']"
543,644.0,"['最高気温', '最低気温', '平均風速', '平均蒸気圧', '平均現地気圧']"
811,644.0,"['最高気温', '降水量', '降雪量', '平均蒸気圧', '平均湿度', '平均現地気圧']"
308,645.0,"['最高気温', '降雪量', '平均蒸気圧', '平均湿度']"
717,647.0,"['平均気温', '最低気温', '降水量', '降雪量', '平均風速', '平均蒸気圧']"
612,647.0,"['最低気温', '降雪量', '平均風速', '平均蒸気圧', '平均現地気圧']"
857,649.0,"['平均気温', '最高気温', '最低気温', '降水量', '降雪量', '平均風速', '平均蒸気圧']"
116,649.0,"['最高気温', '平均蒸気圧', '平均湿度']"
878,651.0,"['平均気温', '最高気温', '最低気温', '降雪量', '平均風速', '平均蒸気圧', '平均現地気圧']"
591,653.0,"['最低気温', '降水量', '降雪量', '平均風速', '平均蒸気圧']"
565,655.0,"['最高気温', '降水量', '平均蒸気圧', '平均湿度', '平均現地気圧']"
819,660.0,"['最低気温', '降水量', '日照時間', '降雪量', '平均風速', '平均蒸気圧']"
438,662.0,"['平均気温', '最高気温', '平均風速', '平均蒸気圧', '平均現地気圧']"
738,662.0,"['平均気温', '最低気温', '降雪量', '平均風速', '平均蒸気圧', '平均現地気圧']"
773,664.0,"['最高気温', '最低気温', '降水量', '降雪量', '平均風速', '平均蒸気圧']"
559,666.0,"['最高気温', '降水量', '降雪量', '平均蒸気圧', '平均湿度']"
415,668.0,"['平均気温', '最高気温', '降水量', '平均風速', '平均蒸気圧']"
292,670.0,"['最高気温', '降水量', '平均蒸気圧', '平均湿度']"
794,671.0,"['最高気温', '最低気温', '降雪量', '平均風速', '平均蒸気圧', '平均現地気圧']"
703,678.0,"['平均気温', '最高気温', '降雪量', '平均風速', '平均蒸気圧', '平均現地気圧']"
334,679.0,"['最低気温', '日照時間', '平均風速', '平均蒸気圧']"
682,680.0,"['平均気温', '最高気温', '降水量', '降雪量', '平均風速', '平均蒸気圧']"
601,689.0,"['最低気温', '日照時間', '降雪量', '平均風速', '平均蒸気圧']"
554,691.0,"['最高気温', '降水量', '日照時間', '平均蒸気圧', '平均現地気圧']"
589,693.0,"['最低気温', '降水量', '日照時間', '平均蒸気圧', '平均現地気圧']"
303,693.0,"['最高気温', '日照時間', '平均蒸気圧', '平均現地気圧']"
338,695.0,"['最低気温', '日照時間', '平均蒸気圧', '平均現地気圧']"
134,696.0,"['最低気温', '平均風速', '平均蒸気圧']"
317,697.0,"['最低気温', '降水量', '日照時間', '平均蒸気圧']"
282,699.0,"['最高気温', '降水量', '日照時間', '平均蒸気圧']"
400,702.0,"['平均気温', '最高気温', '最低気温', '平均風速', '平均蒸気圧']"
802,705.0,"['最高気温', '降水量', '日照時間', '降雪量', '平均蒸気圧', '平均現地気圧']"
547,710.0,"['最高気温', '降水量', '日照時間', '降雪量', '平均蒸気圧']"
823,712.0,"['最低気温', '降水量', '日照時間', '降雪量', '平均蒸気圧', '平均現地気圧']"
805,714.0,"['最高気温', '降水量', '日照時間', '平均風速', '平均蒸気圧', '平均現地気圧']"
218,715.0,"['平均気温', '最低気温', '平均風速', '平均蒸気圧']"
570,716.0,"['最高気温', '日照時間', '降雪量', '平均蒸気圧', '平均現地気圧']"
419,718.0,"['平均気温', '最高気温', '降水量', '平均蒸気圧', '平均現地気圧']"
274,720.0,"['最高気温', '最低気温', '平均風速', '平均蒸気圧']"
582,721.0,"['最低気温', '降水量', '日照時間', '降雪量', '平均蒸気圧']"
340,724.0,"['最低気温', '降雪量', '平均風速', '平均蒸気圧']"
573,724.0,"['最高気温', '日照時間', '平均風速', '平均蒸気圧', '平均現地気圧']"
127,724.0,"['最低気温', '日照時間', '平均蒸気圧']"
106,726.0,"['最高気温', '日照時間', '平均蒸気圧']"
605,726.0,"['最低気温', '日照時間', '降雪量', '平均蒸気圧', '平均現地気圧']"
662,729.0,"['平均気温', '最高気温', '最低気温', '降雪量', '平均風速', '平均蒸気圧']"
550,729.0,"['最高気温', '降水量', '日照時間', '平均風速', '平均蒸気圧']"
953,731.0,"['最高気温', '降水量', '日照時間', '降雪量', '平均風速', '平均蒸気圧', '平均現地気圧']"
650,732.0,"['平均気温', '最高気温', '最低気温', '降水量', '平均蒸気圧', '平均現地気圧']"
185,733.0,"['平均気温', '最高気温', '降水量', '平均蒸気圧']"
197,739.0,"['平均気温', '最高気温', '平均風速', '平均蒸気圧']"
798,742.0,"['最高気温', '降水量', '日照時間', '降雪量', '平均風速', '平均蒸気圧']"
466,742.0,"['平均気温', '最低気温', '降雪量', '平均風速', '平均蒸気圧']"
388,744.0,"['平均気温', '最高気温', '最低気温', '降水量', '平均蒸気圧']"
536,746.0,"['最高気温', '最低気温', '降雪量', '平均風速', '平均蒸気圧']"
686,747.0,"['平均気温', '最高気温', '降水量', '降雪量', '平均蒸気圧', '平均現地気圧']"
299,747.0,"['最高気温', '日照時間', '平均風速', '平均蒸気圧']"
296,750.0,"['最高気温', '日照時間', '降雪量', '平均蒸気圧']"
331,752.0,"['最低気温', '日照時間', '降雪量', '平均蒸気圧']"
814,753.0,"['最高気温', '日照時間', '降雪量', '平均風速', '平均蒸気圧', '平均現地気圧']"
412,758.0,"['平均気温', '最高気温', '降水量', '降雪量', '平均蒸気圧']"
861,758.0,"['平均気温', '最高気温', '最低気温', '降水量', '降雪量', '平均蒸気圧', '平均現地気圧']"
643,765.0,"['平均気温', '最高気温', '最低気温', '降水量', '降雪量', '平均蒸気圧']"
328,766.0,"['最低気温', '降水量', '平均蒸気圧', '平均現地気圧']"
431,767.0,"['平均気温', '最高気温', '降雪量', '平均風速', '平均蒸気圧']"
201,768.0,"['平均気温', '最高気温', '平均蒸気圧', '平均現地気圧']"
122,769.0,"['最低気温', '降水量', '平均蒸気圧']"
566,769.0,"['最高気温', '日照時間', '降雪量', '平均風速', '平均蒸気圧']"
454,774.0,"['平均気温', '最低気温', '降水量', '平均蒸気圧', '平均現地気圧']"
206,776.0,"['平均気温', '最低気温', '降水量', '平均蒸気圧']"
404,781.0,"['平均気温', '最高気温', '最低気温', '平均蒸気圧', '平均現地気圧']"
595,785.0,"['最低気温', '降水量', '降雪量', '平均蒸気圧', '平均現地気圧']"
524,787.0,"['最高気温', '最低気温', '降水量', '平均蒸気圧', '平均現地気圧']"
321,788.0,"['最低気温', '降水量', '降雪量', '平均蒸気圧']"
262,790.0,"['最高気温', '最低気温', '降水量', '平均蒸気圧']"
721,791.0,"['平均気温', '最低気温', '降水量', '降雪量', '平均蒸気圧', '平均現地気圧']"
435,791.0,"['平均気温', '最高気温', '降雪量', '平均蒸気圧', '平均現地気圧']"
60,792.0,"['平均気温', '最高気温', '平均蒸気圧']"
447,796.0,"['平均気温', '最低気温', '降水量', '降雪量', '平均蒸気圧']"
666,800.0,"['平均気温', '最高気温', '最低気温', '降雪量', '平均蒸気圧', '平均現地気圧']"
493,801.0,"['平均気温', '降水量', '平均風速', '平均蒸気圧', '平均現地気圧']"
179,802.0,"['平均気温', '最高気温', '最低気温', '平均蒸気圧']"
777,803.0,"['最高気温', '最低気温', '降水量', '降雪量', '平均蒸気圧', '平均現地気圧']"
138,803.0,"['最低気温', '平均蒸気圧', '平均現地気圧']"
517,805.0,"['最高気温', '最低気温', '降水量', '降雪量', '平均蒸気圧']"
194,809.0,"['平均気温', '最高気温', '降雪量', '平均蒸気圧']"
31,811.0,"['最低気温', '平均蒸気圧']"
222,815.0,"['平均気温', '最低気温', '平均蒸気圧', '平均現地気圧']"
753,816.0,"['平均気温', '降水量', '降雪量', '平均風速', '平均蒸気圧', '平均現地気圧']"
278,817.0,"['最高気温', '最低気温', '平均蒸気圧', '平均現地気圧']"
397,818.0,"['平均気温', '最高気温', '最低気温', '降雪量', '平均蒸気圧']"
344,819.0,"['最低気温', '降雪量', '平均蒸気圧', '平均現地気圧']"
67,824.0,"['平均気温', '最低気温', '平均蒸気圧']"
95,826.0,"['最高気温', '最低気温', '平均蒸気圧']"
470,827.0,"['平均気温', '最低気温', '降雪量', '平均蒸気圧', '平均現地気圧']"
131,828.0,"['最低気温', '降雪量', '平均蒸気圧']"
540,829.0,"['最高気温', '最低気温', '降雪量', '平均蒸気圧', '平均現地気圧']"
233,832.0,"['平均気温', '降水量', '平均風速', '平均蒸気圧']"
215,836.0,"['平均気温', '最低気温', '降雪量', '平均蒸気圧']"
486,839.0,"['平均気温', '降水量', '降雪量', '平均風速', '平均蒸気圧']"
271,839.0,"['最高気温', '最低気温', '降雪量', '平均蒸気圧']"
256,842.0,"['平均気温', '平均風速', '平均蒸気圧', '平均現地気圧']"
507,844.0,"['平均気温', '降雪量', '平均風速', '平均蒸気圧', '平均現地気圧']"
237,847.0,"['平均気温', '降水量', '平均蒸気圧', '平均現地気圧']"
73,848.0,"['平均気温', '降水量', '平均蒸気圧']"
490,851.0,"['平均気温', '降水量', '降雪量', '平均蒸気圧', '平均現地気圧']"
230,852.0,"['平均気温', '降水量', '降雪量', '平均蒸気圧']"
85,852.0,"['平均気温', '平均風速', '平均蒸気圧']"
249,856.0,"['平均気温', '降雪量', '平均風速', '平均蒸気圧']"
89,858.0,"['平均気温', '平均蒸気圧', '平均現地気圧']"
16,861.0,"['平均気温', '平均蒸気圧']"
253,861.0,"['平均気温', '降雪量', '平均蒸気圧', '平均現地気圧']"
82,864.0,"['平均気温', '降雪量', '平均蒸気圧']"
563,866.0,"['最高気温', '降水量', '平均風速', '平均蒸気圧', '平均現地気圧']"
312,869.0,"['最高気温', '平均風速', '平均蒸気圧', '平均現地気圧']"
809,869.0,"['最高気温', '降水量', '降雪量', '平均風速', '平均蒸気圧', '平均現地気圧']"
289,873.0,"['最高気温', '降水量', '平均風速', '平均蒸気圧']"
577,873.0,"['最高気温', '降雪量', '平均風速', '平均蒸気圧', '平均現地気圧']"
293,877.0,"['最高気温', '降水量', '平均蒸気圧', '平均現地気圧']"
556,878.0,"['最高気温', '降水量', '降雪量', '平均風速', '平均蒸気圧']"
101,880.0,"['最高気温', '降水量', '平均蒸気圧']"
560,882.0,"['最高気温', '降水量', '降雪量', '平均蒸気圧', '平均現地気圧']"
117,884.0,"['最高気温', '平均蒸気圧', '平均現地気圧']"
286,885.0,"['最高気温', '降水量', '降雪量', '平均蒸気圧']"
113,889.0,"['最高気温', '平均風速', '平均蒸気圧']"
309,890.0,"['最高気温', '降雪量', '平均蒸気圧', '平均現地気圧']"
24,892.0,"['最高気温', '平均蒸気圧']"
305,893.0,"['最高気温', '降雪量', '平均風速', '平均蒸気圧']"
110,896.0,"['最高気温', '降雪量', '平均蒸気圧']"
383,899.0,"['降雪量', '平均蒸気圧', '平均湿度', '平均現地気圧']"
174,899.0,"['平均蒸気圧', '平均湿度', '平均現地気圧']"
384,908.0,"['平均風速', '平均蒸気圧', '平均湿度', '平均現地気圧']"
379,910.0,"['日照時間', '平均蒸気圧', '平均湿度', '平均現地気圧']"
369,912.0,"['降水量', '平均蒸気圧', '平均湿度', '平均現地気圧']"
163,912.0,"['日照時間', '平均蒸気圧', '平均現地気圧']"
636,913.0,"['降雪量', '平均風速', '平均蒸気圧', '平均湿度', '平均現地気圧']"
629,916.0,"['降水量', '降雪量', '平均蒸気圧', '平均湿度', '平均現地気圧']"
374,917.0,"['日照時間', '降雪量', '平均蒸気圧', '平均現地気圧']"
634,918.0,"['日照時間', '降雪量', '平均蒸気圧', '平均湿度', '平均現地気圧']"
377,921.0,"['日照時間', '平均風速', '平均蒸気圧', '平均現地気圧']"
172,922.0,"['平均風速', '平均蒸気圧', '平均現地気圧']"
53,929.0,"['平均蒸気圧', '平均現地気圧']"
632,935.0,"['日照時間', '降雪量', '平均風速', '平均蒸気圧', '平均現地気圧']"
358,937.0,"['降水量', '日照時間', '平均蒸気圧', '平均現地気圧']"
635,938.0,"['日照時間', '平均風速', '平均蒸気圧', '平均湿度', '平均現地気圧']"
381,939.0,"['降雪量', '平均風速', '平均蒸気圧', '平均現地気圧']"
169,939.0,"['降雪量', '平均蒸気圧', '平均現地気圧']"
630,940.0,"['降水量', '平均風速', '平均蒸気圧', '平均湿度', '平均現地気圧']"
153,941.0,"['降水量', '平均蒸気圧', '平均現地気圧']"
625,942.0,"['降水量', '日照時間', '平均蒸気圧', '平均湿度', '平均現地気圧']"
367,943.0,"['降水量', '平均風速', '平均蒸気圧', '平均現地気圧']"
620,945.0,"['降水量', '日照時間', '降雪量', '平均蒸気圧', '平均現地気圧']"
168,950.0,"['降雪量', '平均蒸気圧', '平均湿度']"
52,953.0,"['平均蒸気圧', '平均湿度']"
845,955.0,"['降水量', '降雪量', '平均風速', '平均蒸気圧', '平均湿度', '平均現地気圧']"
364,955.0,"['降水量', '降雪量', '平均蒸気圧', '平均現地気圧']"
846,957.0,"['日照時間', '降雪量', '平均風速', '平均蒸気圧', '平均湿度', '平均現地気圧']"
627,957.0,"['降水量', '降雪量', '平均風速', '平均蒸気圧', '平均現地気圧']"
623,960.0,"['降水量', '日照時間', '平均風速', '平均蒸気圧', '平均現地気圧']"
843,965.0,"['降水量', '日照時間', '降雪量', '平均蒸気圧', '平均湿度', '平均現地気圧']"
210,978.0,"['平均気温', '最低気温', '日照時間', '平均風速']"
841,991.0,"['降水量', '日照時間', '降雪量', '平均風速', '平均蒸気圧', '平均現地気圧']"
380,998.0,"['降雪量', '平均風速', '平均蒸気圧', '平均湿度']"
363,1001.0,"['降水量', '降雪量', '平均蒸気圧', '平均湿度']"
844,1003.0,"['降水量', '日照時間', '平均風速', '平均蒸気圧', '平均湿度', '平均現地気圧']"
42,1005.0,"['日照時間', '平均蒸気圧']"
213,1005.0,"['平均気温', '最低気温', '日照時間', '平均現地気圧']"
171,1006.0,"['平均風速', '平均蒸気圧', '平均湿度']"
373,1009.0,"['日照時間', '降雪量', '平均蒸気圧', '平均湿度']"
152,1012.0,"['降水量', '平均蒸気圧', '平均湿度']"
162,1017.0,"['日照時間', '平均蒸気圧', '平均湿度']"
156,1020.0,"['日照時間', '降雪量', '平均蒸気圧']"
462,1024.0,"['平均気温', '最低気温', '日照時間', '平均風速', '平均現地気圧']"
64,1024.0,"['平均気温', '最低気温', '日照時間']"
456,1026.0,"['平均気温', '最低気温', '日照時間', '降雪量', '平均風速']"
9,1035.0,['平均現地気圧']
392,1040.0,"['平均気温', '最高気温', '最低気温', '日照時間', '平均風速']"
44,1048.0,"['日照時間', '平均現地気圧']"
966,1060.0,"['降水量', '日照時間', '降雪量', '平均風速', '平均蒸気圧', '平均湿度', '平均現地気圧']"
395,1062.0,"['平均気温', '最高気温', '最低気温', '日照時間', '平均現地気圧']"
7,1065.0,['平均蒸気圧']
142,1065.0,"['降水量', '日照時間', '平均蒸気圧']"
351,1069.0,"['降水量', '日照時間', '降雪量', '平均蒸気圧']"
459,1073.0,"['平均気温', '最低気温', '日照時間', '降雪量', '平均現地気圧']"
209,1075.0,"['平均気温', '最低気温', '日照時間', '降雪量']"
48,1078.0,"['降雪量', '平均現地気圧']"
442,1079.0,"['平均気温', '最低気温', '降水量', '日照時間', '平均風速']"
159,1081.0,"['日照時間', '平均風速', '平均蒸気圧']"
461,1084.0,"['平均気温', '最低気温', '日照時間', '平均風速', '平均湿度']"
37,1085.0,"['降水量', '平均蒸気圧']"
176,1086.0,"['平均気温', '最高気温', '最低気温', '日照時間']"
39,1095.0,"['降水量', '平均現地気圧']"
4,1097.0,['日照時間']
164,1099.0,"['日照時間', '平均湿度', '平均現地気圧']"
465,1100.0,"['平均気温', '最低気温', '日照時間', '平均湿度', '平均現地気圧']"
181,1101.0,"['平均気温', '最高気温', '最低気温', '平均現地気圧']"
146,1102.0,"['降水量', '降雪量', '平均蒸気圧']"
158,1104.0,"['日照時間', '降雪量', '平均現地気圧']"
46,1108.0,"['降雪量', '平均蒸気圧']"
212,1109.0,"['平均気温', '最低気温', '日照時間', '平均湿度']"
376,1111.0,"['日照時間', '平均風速', '平均蒸気圧', '平均湿度']"
51,1113.0,"['平均風速', '平均現地気圧']"
366,1113.0,"['降水量', '平均風速', '平均蒸気圧', '平均湿度']"
658,1114.0,"['平均気温', '最高気温', '最低気温', '日照時間', '平均風速', '平均現地気圧']"
54,1117.0,"['平均湿度', '平均現地気圧']"
729,1119.0,"['平均気温', '最低気温', '日照時間', '降雪量', '平均風速', '平均現地気圧']"
33,1120.0,"['最低気温', '平均現地気圧']"
626,1121.0,"['降水量', '降雪量', '平均風速', '平均蒸気圧', '平均湿度']"
357,1121.0,"['降水量', '日照時間', '平均蒸気圧', '平均湿度']"
26,1122.0,"['最高気温', '平均現地気圧']"
129,1125.0,"['最低気温', '日照時間', '平均現地気圧']"
18,1125.0,"['平均気温', '平均現地気圧']"
631,1129.0,"['日照時間', '降雪量', '平均風速', '平均蒸気圧', '平均湿度']"
652,1129.0,"['平均気温', '最高気温', '最低気温', '日照時間', '降雪量', '平均風速']"
55,1130.0,"['平均気温', '最高気温', '最低気温']"
619,1131.0,"['降水量', '日照時間', '降雪量', '平均蒸気圧', '平均湿度']"
370,1131.0,"['日照時間', '降雪量', '平均風速', '平均蒸気圧']"
203,1134.0,"['平均気温', '最低気温', '降水量', '日照時間']"
161,1135.0,"['日照時間', '平均風速', '平均現地気圧']"
445,1136.0,"['平均気温', '最低気温', '降水量', '日照時間', '平均現地気圧']"
40,1141.0,"['日照時間', '降雪量']"
144,1149.0,"['降水量', '日照時間', '平均現地気圧']"
269,1150.0,"['最高気温', '最低気温', '日照時間', '平均現地気圧']"
80,1151.0,"['平均気温', '日照時間', '平均現地気圧']"
49,1153.0,"['平均風速', '平均蒸気圧']"
108,1153.0,"['最高気温', '日照時間', '平均現地気圧']"
655,1156.0,"['平均気温', '最高気温', '最低気温', '日照時間', '降雪量', '平均現地気圧']"
92,1158.0,"['最高気温', '最低気温', '日照時間']"
707,1171.0,"['平均気温', '最低気温', '降水量', '日照時間', '降雪量', '平均風速']"
5,1173.0,['降雪量']
21,1177.0,"['最高気温', '日照時間']"
148,1180.0,"['降水量', '降雪量', '平均現地気圧']"
391,1180.0,"['平均気温', '最高気温', '最低気温', '日照時間', '降雪量']"
41,1185.0,"['日照時間', '平均風速']"
728,1188.0,"['平均気温', '最低気温', '日照時間', '降雪量', '平均風速', '平均湿度']"
266,1189.0,"['最高気温', '最低気温', '日照時間', '平均風速']"
13,1190.0,"['平均気温', '日照時間']"
3,1190.0,['降水量']
149,1191.0,"['降水量', '平均風速', '平均蒸気圧']"
735,1192.0,"['平均気温', '最低気温', '日照時間', '平均風速', '平均湿度', '平均現地気圧']"
661,1195.0,"['平均気温', '最高気温', '最低気温', '日照時間', '平均湿度', '平均現地気圧']"
713,1197.0,"['平均気温', '最低気温', '降水量', '日照時間', '平均風速', '平均現地気圧']"
354,1201.0,"['降水量', '日照時間', '平均風速', '平均蒸気圧']"
375,1203.0,"['日照時間', '降雪量', '平均湿度', '平均現地気圧']"
399,1207.0,"['平均気温', '最高気温', '最低気温', '降雪量', '平均現地気圧']"
360,1209.0,"['降水量', '降雪量', '平均風速', '平均蒸気圧']"
441,1211.0,"['平均気温', '最低気温', '降水量', '日照時間', '降雪量']"
170,1213.0,"['降雪量', '平均湿度', '平均現地気圧']"
394,1214.0,"['平均気温', '最高気温', '最低気温', '日照時間', '平均湿度']"
167,1215.0,"['降雪量', '平均風速', '平均現地気圧']"
638,1216.0,"['平均気温', '最高気温', '最低気温', '降水量', '日照時間', '平均風速']"
0,1217.0,['平均気温']
112,1217.0,"['最高気温', '降雪量', '平均現地気圧']"
458,1217.0,"['平均気温', '最低気温', '日照時間', '降雪量', '平均湿度']"
43,1218.0,"['日照時間', '平均湿度']"
35,1220.0,"['降水量', '降雪量']"
657,1220.0,"['平均気温', '最高気温', '最低気温', '日照時間', '平均風速', '平均湿度']"
165,1221.0,"['降雪量', '平均風速', '平均蒸気圧']"
34,1222.0,"['降水量', '日照時間']"
8,1223.0,['平均湿度']
133,1224.0,"['最低気温', '降雪量', '平均現地気圧']"
84,1228.0,"['平均気温', '降雪量', '平均現地気圧']"
333,1231.0,"['最低気温', '日照時間', '降雪量', '平均現地気圧']"
732,1236.0,"['平均気温', '最低気温', '日照時間', '降雪量', '平均湿度', '平均現地気圧']"
385,1236.0,"['平均気温', '最高気温', '最低気温', '降水量', '日照時間']"
2,1238.0,['最低気温']
304,1239.0,"['最高気温', '日照時間', '平均湿度', '平均現地気圧']"
28,1241.0,"['最低気温', '日照時間']"
69,1241.0,"['平均気温', '最低気温', '平均現地気圧']"
616,1245.0,"['降水量', '日照時間', '降雪量', '平均風速', '平均蒸気圧']"
62,1246.0,"['平均気温', '最高気温', '平均現地気圧']"
1,1247.0,['最高気温']
248,1248.0,"['平均気温', '日照時間', '平均湿度', '平均現地気圧']"
641,1251.0,"['平均気温', '最高気温', '最低気温', '降水量', '日照時間', '平均現地気圧']"
359,1253.0,"['降水量', '日照時間', '平均湿度', '平均現地気圧']"
444,1254.0,"['平均気温', '最低気温', '降水量', '日照時間', '平均湿度']"
124,1254.0,"['最低気温', '降水量', '平均現地気圧']"
390,1256.0,"['平均気温', '最高気温', '最低気温', '降水量', '平均現地気圧']"
151,1257.0,"['降水量', '平均風速', '平均現地気圧']"
869,1257.0,"['平均気温', '最高気温', '最低気温', '日照時間', '降雪量', '平均風速', '平均現地気圧']"
265,1258.0,"['最高気温', '最低気温', '日照時間', '降雪量']"
372,1260.0,"['日照時間', '降雪量', '平均風速', '平均現地気圧']"
103,1261.0,"['最高気温', '降水量', '平均現地気圧']"
710,1261.0,"['平均気温', '最低気温', '降水量', '日照時間', '降雪量', '平均現地気圧']"
155,1263.0,"['日照時間', '降雪量', '平均風速']"
353,1264.0,"['降水量', '日照時間', '降雪量', '平均現地気圧']"
405,1266.0,"['平均気温', '最高気温', '最低気温', '平均湿度', '平均現地気圧']"
378,1267.0,"['日照時間', '平均風速', '平均湿度', '平均現地気圧']"
177,1270.0,"['平均気温', '最高気温', '最低気温', '降雪量']"
75,1271.0,"['平均気温', '降水量', '平均現地気圧']"
529,1272.0,"['最高気温', '最低気温', '日照時間', '降雪量', '平均現地気圧']"
154,1274.0,"['降水量', '平均湿度', '平均現地気圧']"
242,1275.0,"['平均気温', '日照時間', '降雪量', '平均現地気圧']"
6,1275.0,['平均風速']
140,1276.0,"['降水量', '日照時間', '降雪量']"
339,1277.0,"['最低気温', '日照時間', '平均湿度', '平均現地気圧']"
716,1278.0,"['平均気温', '最低気温', '降水量', '日照時間', '平均湿度', '平均現地気圧']"
107,1279.0,"['最高気温', '日照時間', '平均湿度']"
139,1281.0,"['最低気温', '平均湿度', '平均現地気圧']"
298,1282.0,"['最高気温', '日照時間', '降雪量', '平均現地気圧']"
136,1284.0,"['最低気温', '平均風速', '平均現地気圧']"
402,1284.0,"['平均気温', '最高気温', '最低気温', '平均風速', '平均現地気圧']"
47,1286.0,"['降雪量', '平均湿度']"
532,1288.0,"['最高気温', '最低気温', '日照時間', '平均風速', '平均現地気圧']"
115,1288.0,"['最高気温', '平均風速', '平均現地気圧']"
712,1290.0,"['平均気温', '最低気温', '降水量', '日照時間', '平均風速', '平均湿度']"
175,1290.0,"['平均気温', '最高気温', '最低気温', '降水量']"
104,1291.0,"['最高気温', '日照時間', '降雪量']"
535,1298.0,"['最高気温', '最低気温', '日照時間', '平均湿度', '平均現地気圧']"
118,1299.0,"['最高気温', '平均湿度', '平均現地気圧']"
622,1300.0,"['降水量', '日照時間', '平均風速', '平均蒸気圧', '平均湿度']"
87,1304.0,"['平均気温', '平均風速', '平均現地気圧']"
14,1307.0,"['平均気温', '降雪量']"
76,1308.0,"['平均気温', '日照時間', '降雪量']"
268,1308.0,"['最高気温', '最低気温', '日照時間', '平均湿度']"
90,1311.0,"['平均気温', '平均湿度', '平均現地気圧']"
526,1312.0,"['最高気温', '最低気温', '日照時間', '降雪量', '平均風速']"
173,1314.0,"['平均風速', '平均湿度', '平均現地気圧']"
79,1316.0,"['平均気温', '日照時間', '平均湿度']"
875,1316.0,"['平均気温', '最高気温', '最低気温', '日照時間', '平均風速', '平均湿度', '平均現地気圧']"
12,1317.0,"['平均気温', '降水量']"
180,1318.0,"['平均気温', '最高気温', '最低気温', '平均湿度']"
840,1319.0,"['降水量', '日照時間', '降雪量', '平均風速', '平均蒸気圧', '平均湿度']"
905,1319.0,"['平均気温', '最低気温', '降水量', '日照時間', '降雪量', '平均風速', '平均現地気圧']"
853,1321.0,"['平均気温', '最高気温', '最低気温', '降水量', '日照時間', '平均風速', '平均現地気圧']"
178,1321.0,"['平均気温', '最高気温', '最低気温', '平均風速']"
29,1321.0,"['最低気温', '降雪量']"
97,1322.0,"['最高気温', '最低気温', '平均現地気圧']"
847,1327.0,"['平均気温', '最高気温', '最低気温', '降水量', '日照時間', '降雪量', '平均風速']"
157,1328.0,"['日照時間', '降雪量', '平均湿度']"
336,1330.0,"['最低気温', '日照時間', '平均風速', '平均現地気圧']"
22,1331.0,"['最高気温', '降雪量']"
920,1332.0,"['平均気温', '最低気温', '日照時間', '降雪量', '平均風速', '平均湿度', '平均現地気圧']"
319,1334.0,"['最低気温', '降水量', '日照時間', '平均現地気圧']"
192,1337.0,"['平均気温', '最高気温', '日照時間', '平均現地気圧']"
105,1337.0,"['最高気温', '日照時間', '平均風速']"
20,1340.0,"['最高気温', '降水量']"
868,1341.0,"['平均気温', '最高気温', '最低気温', '日照時間', '降雪量', '平均風速', '平均湿度']"
125,1348.0,"['最低気温', '日照時間', '降雪量']"
10,1350.0,"['平均気温', '最高気温']"
637,1351.0,"['平均気温', '最高気温', '最低気温', '降水量', '日照時間', '降雪量']"
27,1354.0,"['最低気温', '降水量']"
259,1355.0,"['最高気温', '最低気温', '降水量', '日照時間']"
77,1358.0,"['平均気温', '日照時間', '平均風速']"
515,1359.0,"['最高気温', '最低気温', '降水量', '日照時間', '平均現地気圧']"
872,1360.0,"['平均気温', '最高気温', '最低気温', '日照時間', '降雪量', '平均湿度', '平均現地気圧']"
654,1362.0,"['平均気温', '最高気温', '最低気温', '日照時間', '降雪量', '平均湿度']"
356,1365.0,"['降水量', '日照時間', '平均風速', '平均現地気圧']"
301,1367.0,"['最高気温', '日照時間', '平均風速', '平均現地気圧']"
850,1370.0,"['平均気温', '最高気温', '最低気温', '降水量', '日照時間', '降雪量', '平均現地気圧']"
245,1372.0,"['平均気温', '日照時間', '平均風速', '平均現地気圧']"
38,1376.0,"['降水量', '平均湿度']"
709,1381.0,"['平均気温', '最低気温', '降水量', '日照時間', '降雪量', '平均湿度']"
45,1385.0,"['降雪量', '平均風速']"
856,1389.0,"['平均気温', '最高気温', '最低気温', '降水量', '日照時間', '平均湿度', '平均現地気圧']"
228,1390.0,"['平均気温', '降水量', '日照時間', '平均現地気圧']"
57,1391.0,"['平均気温', '最高気温', '日照時間']"
128,1393.0,"['最低気温', '日照時間', '平均湿度']"
284,1394.0,"['最高気温', '降水量', '日照時間', '平均現地気圧']"
904,1394.0,"['平均気温', '最低気温', '降水量', '日照時間', '降雪量', '平均風速', '平均湿度']"
645,1395.0,"['平均気温', '最高気温', '最低気温', '降水量', '降雪量', '平均現地気圧']"
11,1397.0,"['平均気温', '最低気温']"
98,1400.0,"['最高気温', '降水量', '日照時間']"
126,1404.0,"['最低気温', '日照時間', '平均風速']"
17,1404.0,"['平均気温', '平均湿度']"
640,1405.0,"['平均気温', '最高気温', '最低気温', '降水量', '日照時間', '平均湿度']"
36,1408.0,"['降水量', '平均風速']"
512,1409.0,"['最高気温', '最低気温', '降水量', '日照時間', '平均風速']"
911,1410.0,"['平均気温', '最低気温', '降水量', '日照時間', '平均風速', '平均湿度', '平均現地気圧']"
223,1410.0,"['平均気温', '最低気温', '平均湿度', '平均現地気圧']"
143,1411.0,"['降水量', '日照時間', '平均湿度']"
531,1413.0,"['最高気温', '最低気温', '日照時間', '平均風速', '平均湿度']"
70,1413.0,"['平均気温', '降水量', '日照時間']"
323,1413.0,"['最低気温', '降水量', '降雪量', '平均現地気圧']"
50,1414.0,"['平均風速', '平均湿度']"
141,1415.0,"['降水量', '日照時間', '平均風速']"
621,1418.0,"['降水量', '日照時間', '降雪量', '平均湿度', '平均現地気圧']"
667,1419.0,"['平均気温', '最高気温', '最低気温', '降雪量', '平均湿度', '平均現地気圧']"
288,1421.0,"['最高気温', '降水量', '降雪量', '平均現地気圧']"
386,1421.0,"['平均気温', '最高気温', '最低気温', '降水量', '降雪量']"
908,1423.0,"['平均気温', '最低気温', '降水量', '日照時間', '降雪量', '平均湿度', '平均現地気圧']"
25,1423.0,"['最高気温', '平均湿度']"
71,1425.0,"['平均気温', '降水量', '降雪量']"
362,1427.0,"['降水量', '降雪量', '平均風速', '平均現地気圧']"
160,1429.0,"['日照時間', '平均風速', '平均湿度']"
785,1429.0,"['最高気温', '最低気温', '日照時間', '降雪量', '平均風速', '平均現地気圧']"
32,1430.0,"['最低気温', '平均湿度']"
232,1431.0,"['平均気温', '降水量', '降雪量', '平均現地気圧']"
571,1432.0,"['最高気温', '日照時間', '降雪量', '平均湿度', '平均現地気圧']"
852,1434.0,"['平均気温', '最高気温', '最低気温', '降水量', '日照時間', '平均風速', '平均湿度']"
664,1435.0,"['平均気温', '最高気温', '最低気温', '降雪量', '平均風速', '平均現地気圧']"
365,1436.0,"['降水量', '降雪量', '平均湿度', '平均現地気圧']"
501,1437.0,"['平均気温', '日照時間', '降雪量', '平均湿度', '平均現地気圧']"
15,1438.0,"['平均気温', '平均風速']"
969,1439.0,"['平均気温', '最高気温', '最低気温', '降水量', '日照時間', '降雪量', '平均風速', '平均現地気圧']"
606,1441.0,"['最低気温', '日照時間', '降雪量', '平均湿度', '平均現地気圧']"
633,1443.0,"['日照時間', '降雪量', '平均風速', '平均湿度', '平均現地気圧']"
147,1444.0,"['降水量', '降雪量', '平均湿度']"
984,1444.0,"['平均気温', '最高気温', '最低気温', '日照時間', '降雪量', '平均風速', '平均湿度', '平均現地気圧']"
788,1445.0,"['最高気温', '最低気温', '日照時間', '降雪量', '平均湿度', '平均現地気圧']"
196,1446.0,"['平均気温', '最高気温', '降雪量', '平均現地気圧']"
99,1450.0,"['最高気温', '降水量', '降雪量']"
401,1451.0,"['平均気温', '最高気温', '最低気温', '平均風速', '平均湿度']"
345,1452.0,"['最低気温', '降雪量', '平均湿度', '平均現地気圧']"
30,1457.0,"['最低気温', '平均風速']"
120,1458.0,"['最低気温', '降水量', '降雪量']"
511,1458.0,"['最高気温', '最低気温', '降水量', '日照時間', '降雪量']"
19,1459.0,"['最高気温', '最低気温']"
217,1462.0,"['平均気温', '最低気温', '降雪量', '平均現地気圧']"
398,1463.0,"['平均気温', '最高気温', '最低気温', '降雪量', '平均湿度']"
670,1465.0,"['平均気温', '最高気温', '最低気温', '平均風速', '平均湿度', '平均現地気圧']"
23,1466.0,"['最高気温', '平均風速']"
555,1468.0,"['最高気温', '降水量', '日照時間', '平均湿度', '平均現地気圧']"
651,1468.0,"['平均気温', '最高気温', '最低気温', '降水量', '平均湿度', '平均現地気圧']"
310,1469.0,"['最高気温', '降雪量', '平均湿度', '平均現地気圧']"
528,1470.0,"['最高気温', '最低気温', '日照時間', '降雪量', '平均湿度']"
342,1473.0,"['最低気温', '降雪量', '平均風速', '平均現地気圧']"
119,1473.0,"['最低気温', '降水量', '日照時間']"
307,1475.0,"['最高気温', '降雪量', '平均風速', '平均現地気圧']"
208,1477.0,"['平均気温', '最低気温', '降水量', '平均現地気圧']"
648,1477.0,"['平均気温', '最高気温', '最低気温', '降水量', '平均風速', '平均現地気圧']"
766,1479.0,"['最高気温', '最低気温', '降水量', '日照時間', '降雪量', '平均現地気圧']"
297,1480.0,"['最高気温', '日照時間', '降雪量', '平均湿度']"
584,1480.0,"['最低気温', '降水量', '日照時間', '降雪量', '平均現地気圧']"
145,1482.0,"['降水量', '降雪量', '平均風速']"
254,1485.0,"['平均気温', '降雪量', '平均湿度', '平均現地気圧']"
485,1488.0,"['平均気温', '降水量', '日照時間', '平均湿度', '平均現地気圧']"
295,1488.0,"['最高気温', '日照時間', '降雪量', '平均風速']"
251,1491.0,"['平均気温', '降雪量', '平均風速', '平均現地気圧']"
791,1493.0,"['最高気温', '最低気温', '日照時間', '平均風速', '平均湿度', '平均現地気圧']"
382,1493.0,"['降雪量', '平均風速', '平均湿度', '平均現地気圧']"
430,1494.0,"['平均気温', '最高気温', '日照時間', '平均湿度', '平均現地気圧']"
241,1497.0,"['平均気温', '日照時間', '降雪量', '平均湿度']"
273,1499.0,"['最高気温', '最低気温', '降雪量', '平均現地気圧']"
603,1500.0,"['最低気温', '日照時間', '降雪量', '平均風速', '平均現地気圧']"
975,1501.0,"['平均気温', '最高気温', '最低気温', '降水量', '日照時間', '平均風速', '平均湿度', '平均現地気圧']"
239,1502.0,"['平均気温', '日照時間', '降雪量', '平均風速']"
283,1504.0,"['最高気温', '降水量', '日照時間', '平均湿度']"
972,1506.0,"['平均気温', '最高気温', '最低気温', '降水量', '日照時間', '降雪量', '平均湿度', '平均現地気圧']"
997,1508.0,"['平均気温', '最低気温', '降水量', '日照時間', '降雪量', '平均風速', '平均湿度', '平均現地気圧']"
220,1510.0,"['平均気温', '最低気温', '平均風速', '平均現地気圧']"
968,1512.0,"['平均気温', '最高気温', '最低気温', '降水量', '日照時間', '降雪量', '平均風速', '平均湿度']"
849,1514.0,"['平均気温', '最高気温', '最低気温', '降水量', '日照時間', '降雪量', '平均湿度']"
68,1516.0,"['平均気温', '最低気温', '平均湿度']"
350,1517.0,"['降水量', '日照時間', '降雪量', '平均風速']"
574,1518.0,"['最高気温', '日照時間', '平均風速', '平均湿度', '平均現地気圧']"
58,1518.0,"['平均気温', '最高気温', '降雪量']"
772,1520.0,"['最高気温', '最低気温', '降水量', '日照時間', '平均湿度', '平均現地気圧']"
352,1520.0,"['降水量', '日照時間', '降雪量', '平均湿度']"
424,1520.0,"['平均気温', '最高気温', '日照時間', '降雪量', '平均現地気圧']"
396,1522.0,"['平均気温', '最高気温', '最低気温', '降雪量', '平均風速']"
227,1523.0,"['平均気温', '降水量', '日照時間', '平均湿度']"
166,1523.0,"['降雪量', '平均風速', '平均湿度']"
769,1524.0,"['最高気温', '最低気温', '降水量', '日照時間', '平均風速', '平均現地気圧']"
624,1525.0,"['降水量', '日照時間', '平均風速', '平均湿度', '平均現地気圧']"
300,1526.0,"['最高気温', '日照時間', '平均風速', '平均湿度']"
280,1529.0,"['最高気温', '降水量', '日照時間', '降雪量']"
187,1531.0,"['平均気温', '最高気温', '降水量', '平均現地気圧']"
63,1532.0,"['平均気温', '最低気温', '降水量']"
763,1534.0,"['最高気温', '最低気温', '降水量', '日照時間', '降雪量', '平均風速']"
504,1535.0,"['平均気温', '日照時間', '平均風速', '平均湿度', '平均現地気圧']"
326,1537.0,"['最低気温', '降水量', '平均風速', '平均現地気圧']"
618,1537.0,"['降水量', '日照時間', '降雪量', '平均風速', '平均現地気圧']"
224,1540.0,"['平均気温', '降水量', '日照時間', '降雪量']"
83,1540.0,"['平均気温', '降雪量', '平均湿度']"
590,1545.0,"['最低気温', '降水量', '日照時間', '平均湿度', '平均現地気圧']"
199,1546.0,"['平均気温', '最高気温', '平均風速', '平均現地気圧']"
479,1548.0,"['平均気温', '降水量', '日照時間', '降雪量', '平均現地気圧']"
188,1549.0,"['平均気温', '最高気温', '日照時間', '降雪量']"
111,1549.0,"['最高気温', '降雪量', '平均湿度']"
1014,1551.0,"['平均気温', '最高気温', '最低気温', '降水量', '日照時間', '降雪量', '平均風速', '平均湿度', '平均現地気圧']"
291,1551.0,"['最高気温', '降水量', '平均風速', '平均現地気圧']"
387,1551.0,"['平均気温', '最高気温', '最低気温', '降水量', '平均風速']"
132,1552.0,"['最低気温', '降雪量', '平均湿度']"
784,1552.0,"['最高気温', '最低気温', '日照時間', '降雪量', '平均風速', '平均湿度']"
514,1555.0,"['最高気温', '最低気温', '降水量', '日照時間', '平均湿度']"
498,1557.0,"['平均気温', '日照時間', '降雪量', '平均風速', '平均現地気圧']"
202,1557.0,"['平均気温', '最高気温', '平均湿度', '平均現地気圧']"
568,1559.0,"['最高気温', '日照時間', '降雪量', '平均風速', '平均現地気圧']"
329,1559.0,"['最低気温', '降水量', '平均湿度', '平均現地気圧']"
65,1559.0,"['平均気温', '最低気温', '降雪量']"
330,1561.0,"['最低気温', '日照時間', '降雪量', '平均風速']"
549,1562.0,"['最高気温', '降水量', '日照時間', '降雪量', '平均現地気圧']"
189,1563.0,"['平均気温', '最高気温', '日照時間', '平均風速']"
235,1565.0,"['平均気温', '降水量', '平均風速', '平均現地気圧']"
56,1569.0,"['平均気温', '最高気温', '降水量']"
368,1569.0,"['降水量', '平均風速', '平均湿度', '平均現地気圧']"
264,1573.0,"['最高気温', '最低気温', '降水量', '平均現地気圧']"
609,1574.0,"['最低気温', '日照時間', '平均風速', '平均湿度', '平均現地気圧']"
862,1576.0,"['平均気温', '最高気温', '最低気温', '降水量', '降雪量', '平均湿度', '平均現地気圧']"
663,1576.0,"['平均気温', '最高気温', '最低気温', '降雪量', '平均風速', '平均湿度']"
191,1577.0,"['平均気温', '最高気温', '日照時間', '平均湿度']"
244,1580.0,"['平均気温', '日照時間', '平均風速', '平均湿度']"
294,1582.0,"['最高気温', '降水量', '平均湿度', '平均現地気圧']"
879,1582.0,"['平均気温', '最高気温', '最低気温', '降雪量', '平均風速', '平均湿度', '平均現地気圧']"
81,1584.0,"['平均気温', '降雪量', '平均風速']"
471,1586.0,"['平均気温', '最低気温', '降雪量', '平均湿度', '平均現地気圧']"
279,1586.0,"['最高気温', '最低気温', '平均湿度', '平均現地気圧']"
371,1588.0,"['日照時間', '降雪量', '平均風速', '平均湿度']"
74,1589.0,"['平均気温', '降水量', '平均湿度']"
72,1591.0,"['平均気温', '降水量', '平均風速']"
389,1591.0,"['平均気温', '最高気温', '最低気温', '降水量', '平均湿度']"
238,1592.0,"['平均気温', '降水量', '平均湿度', '平均現地気圧']"
315,1594.0,"['最低気温', '降水量', '日照時間', '降雪量']"
859,1595.0,"['平均気温', '最高気温', '最低気温', '降水量', '降雪量', '平均風速', '平均現地気圧']"
93,1595.0,"['最高気温', '最低気温', '降雪量']"
130,1597.0,"['最低気温', '降雪量', '平均風速']"
348,1598.0,"['最低気温', '平均風速', '平均湿度', '平均現地気圧']"
332,1606.0,"['最低気温', '日照時間', '降雪量', '平均湿度']"
276,1609.0,"['最高気温', '最低気温', '平均風速', '平均現地気圧']"
102,1611.0,"['最高気温', '降水量', '平均湿度']"
109,1613.0,"['最高気温', '降雪量', '平均風速']"
313,1613.0,"['最高気温', '平均風速', '平均湿度', '平均現地気圧']"
933,1614.0,"['最高気温', '最低気温', '降水量', '日照時間', '降雪量', '平均風速', '平均現地気圧']"
948,1617.0,"['最高気温', '最低気温', '日照時間', '降雪量', '平均風速', '平均湿度', '平均現地気圧']"
59,1619.0,"['平均気温', '最高気温', '平均風速']"
257,1620.0,"['平均気温', '平均風速', '平均湿度', '平均現地気圧']"
449,1623.0,"['平均気温', '最低気温', '降水量', '降雪量', '平均現地気圧']"
936,1623.0,"['最高気温', '最低気温', '降水量', '日照時間', '降雪量', '平均湿度', '平均現地気圧']"
100,1624.0,"['最高気温', '降水量', '平均風速']"
91,1626.0,"['最高気温', '最低気温', '降水量']"
427,1631.0,"['平均気温', '最高気温', '日照時間', '平均風速', '平均現地気圧']"
123,1632.0,"['最低気温', '降水量', '平均湿度']"
61,1635.0,"['平均気温', '最高気温', '平均湿度']"
121,1638.0,"['最低気温', '降水量', '平均風速']"
281,1639.0,"['最高気温', '降水量', '日照時間', '平均風速']"
150,1644.0,"['降水量', '平均風速', '平均湿度']"
587,1654.0,"['最低気温', '降水量', '日照時間', '平均風速', '平均現地気圧']"
86,1657.0,"['平均気温', '平均風速', '平均湿度']"
865,1658.0,"['平均気温', '最高気温', '最低気温', '降水量', '平均風速', '平均湿度', '平均現地気圧']"
410,1658.0,"['平均気温', '最高気温', '降水量', '日照時間', '平均現地気圧']"
225,1659.0,"['平均気温', '降水量', '日照時間', '平均風速']"
548,1661.0,"['最高気温', '降水量', '日照時間', '降雪量', '平均湿度']"
318,1662.0,"['最低気温', '降水量', '日照時間', '平均湿度']"
642,1667.0,"['平均気温', '最高気温', '最低気温', '降水量', '降雪量', '平均風速']"
114,1668.0,"['最高気温', '平均風速', '平均湿度']"
803,1669.0,"['最高気温', '降水量', '日照時間', '降雪量', '平均湿度', '平均現地気圧']"
216,1669.0,"['平均気温', '最低気温', '降雪量', '平均湿度']"
66,1671.0,"['平均気温', '最低気温', '平均風速']"
768,1674.0,"['最高気温', '最低気温', '降水量', '日照時間', '平均風速', '平均湿度']"
204,1676.0,"['平均気温', '最低気温', '降水量', '降雪量']"
135,1677.0,"['最低気温', '平均風速', '平均湿度']"
644,1679.0,"['平均気温', '最高気温', '最低気温', '降水量', '降雪量', '平均湿度']"
765,1681.0,"['最高気温', '最低気温', '降水量', '日照時間', '降雪量', '平均湿度']"
96,1682.0,"['最高気温', '最低気温', '平均湿度']"
747,1683.0,"['平均気温', '降水量', '日照時間', '降雪量', '平均湿度', '平均現地気圧']"
335,1687.0,"['最低気温', '日照時間', '平均風速', '平均湿度']"
842,1690.0,"['降水量', '日照時間', '降雪量', '平均風速', '平均湿度', '平均現地気圧']"
182,1691.0,"['平均気温', '最高気温', '降水量', '日照時間']"
939,1693.0,"['最高気温', '最低気温', '降水量', '日照時間', '平均風速', '平均湿度', '平均現地気圧']"
552,1696.0,"['最高気温', '降水量', '日照時間', '平均風速', '平均現地気圧']"
824,1697.0,"['最低気温', '降水量', '日照時間', '降雪量', '平均湿度', '平均現地気圧']"
979,1698.0,"['平均気温', '最高気温', '最低気温', '降水量', '降雪量', '平均風速', '平均湿度', '平均現地気圧']"
482,1698.0,"['平均気温', '降水量', '日照時間', '平均風速', '平均現地気圧']"
219,1699.0,"['平均気温', '最低気温', '平均風速', '平均湿度']"
455,1703.0,"['平均気温', '最低気温', '降水量', '平均湿度', '平均現地気圧']"
697,1703.0,"['平均気温', '最高気温', '日照時間', '降雪量', '平均湿度', '平均現地気圧']"
183,1705.0,"['平均気温', '最高気温', '降水量', '降雪量']"
478,1706.0,"['平均気温', '降水量', '日照時間', '降雪量', '平均湿度']"
316,1708.0,"['最低気温', '降水量', '日照時間', '平均風速']"
593,1709.0,"['最低気温', '降水量', '降雪量', '平均風速', '平均現地気圧']"
355,1711.0,"['降水量', '日照時間', '平均風速', '平均湿度']"
815,1713.0,"['最高気温', '日照時間', '降雪量', '平均風速', '平均湿度', '平均現地気圧']"
414,1713.0,"['平均気温', '最高気温', '降水量', '降雪量', '平均現地気圧']"
94,1715.0,"['最高気温', '最低気温', '平均風速']"
759,1717.0,"['平均気温', '日照時間', '降雪量', '平均風速', '平均湿度', '平均現地気圧']"
836,1720.0,"['最低気温', '日照時間', '降雪量', '平均風速', '平均湿度', '平均現地気圧']"
596,1721.0,"['最低気温', '降水量', '降雪量', '平均湿度', '平均現地気圧']"
647,1723.0,"['平均気温', '最高気温', '最低気温', '降水量', '平均風速', '平均湿度']"
558,1727.0,"['最高気温', '降水量', '降雪量', '平均風速', '平均現地気圧']"
474,1729.0,"['平均気温', '最低気温', '平均風速', '平均湿度', '平均現地気圧']"
231,1730.0,"['平均気温', '降水量', '降雪量', '平均湿度']"
421,1735.0,"['平均気温', '最高気温', '日照時間', '降雪量', '平均風速']"
361,1739.0,"['降水量', '降雪量', '平均風速', '平均湿度']"
488,1739.0,"['平均気温', '降水量', '降雪量', '平均風速', '平均現地気圧']"
229,1742.0,"['平均気温', '降水量', '降雪量', '平均風速']"
519,1742.0,"['最高気温', '最低気温', '降水量', '降雪量', '平均現地気圧']"
932,1743.0,"['最高気温', '最低気温', '降水量', '日照時間', '降雪量', '平均風速', '平均湿度']"
561,1744.0,"['最高気温', '降水量', '降雪量', '平均湿度', '平均現地気圧']"
287,1746.0,"['最高気温', '降水量', '降雪量', '平均湿度']"
681,1747.0,"['平均気温', '最高気温', '降水量', '日照時間', '平均湿度', '平均現地気圧']"
468,1747.0,"['平均気温', '最低気温', '降雪量', '平均風速', '平均現地気圧']"
1005,1751.0,"['最高気温', '最低気温', '降水量', '日照時間', '降雪量', '平均風速', '平均湿度', '平均現地気圧']"
207,1752.0,"['平均気温', '最低気温', '降水量', '平均湿度']"
567,1752.0,"['最高気温', '日照時間', '降雪量', '平均風速', '平均湿度']"
491,1755.0,"['平均気温', '降水量', '降雪量', '平均湿度', '平均現地気圧']"
628,1757.0,"['降水量', '降雪量', '平均風速', '平均湿度', '平均現地気圧']"
322,1759.0,"['最低気温', '降水量', '降雪量', '平均湿度']"
541,1761.0,"['最高気温', '最低気温', '降雪量', '平均湿度', '平均現地気圧']"
806,1762.0,"['最高気温', '降水量', '日照時間', '平均風速', '平均湿度', '平均現地気圧']"
433,1764.0,"['平均気温', '最高気温', '降雪量', '平均風速', '平均現地気圧']"
260,1768.0,"['最高気温', '最低気温', '降水量', '降雪量']"
858,1770.0,"['平均気温', '最高気温', '最低気温', '降水量', '降雪量', '平均風速', '平均湿度']"
285,1770.0,"['最高気温', '降水量', '降雪量', '平均風速']"
694,1770.0,"['平均気温', '最高気温', '日照時間', '降雪量', '平均風速', '平均現地気圧']"
436,1773.0,"['平均気温', '最高気温', '降雪量', '平均湿度', '平均現地気圧']"
821,1775.0,"['最低気温', '降水量', '日照時間', '降雪量', '平均風速', '平均現地気圧']"
613,1776.0,"['最低気温', '降雪量', '平均風速', '平均湿度', '平均現地気圧']"
546,1778.0,"['最高気温', '降水量', '日照時間', '降雪量', '平均風速']"
320,1779.0,"['最低気温', '降水量', '降雪量', '平均風速']"
750,1780.0,"['平均気温', '降水量', '日照時間', '平均風速', '平均湿度', '平均現地気圧']"
452,1781.0,"['平均気温', '最低気温', '降水量', '平均風速', '平均現地気圧']"
497,1785.0,"['平均気温', '日照時間', '降雪量', '平均風速', '平均湿度']"
423,1789.0,"['平均気温', '最高気温', '日照時間', '降雪量', '平均湿度']"
578,1791.0,"['最高気温', '降雪量', '平均風速', '平均湿度', '平均現地気圧']"
476,1796.0,"['平均気温', '降水量', '日照時間', '降雪量', '平均風速']"
675,1797.0,"['平均気温', '最高気温', '降水量', '日照時間', '降雪量', '平均現地気圧']"
538,1800.0,"['最高気温', '最低気温', '降雪量', '平均風速', '平均現地気圧']"
700,1800.0,"['平均気温', '最高気温', '日照時間', '平均風速', '平均湿度', '平均現地気圧']"
508,1804.0,"['平均気温', '降雪量', '平均風速', '平均湿度', '平均現地気圧']"
583,1810.0,"['最低気温', '降水量', '日照時間', '降雪量', '平均湿度']"
250,1811.0,"['平均気温', '降雪量', '平均風速', '平均湿度']"
722,1811.0,"['平均気温', '最低気温', '降水量', '降雪量', '平均湿度', '平均現地気圧']"
551,1812.0,"['最高気温', '降水量', '日照時間', '平均風速', '平均湿度']"
193,1815.0,"['平均気温', '最高気温', '降雪量', '平均風速']"
409,1817.0,"['平均気温', '最高気温', '降水量', '日照時間', '平均湿度']"
195,1817.0,"['平均気温', '最高気温', '降雪量', '平均湿度']"
306,1819.0,"['最高気温', '降雪量', '平均風速', '平均湿度']"
406,1820.0,"['平均気温', '最高気温', '降水量', '日照時間', '降雪量']"
426,1822.0,"['平均気温', '最高気温', '日照時間', '平均風速', '平均湿度']"
341,1822.0,"['最低気温', '降雪量', '平均風速', '平均湿度']"
827,1825.0,"['最低気温', '降水量', '日照時間', '平均風速', '平均湿度', '平均現地気圧']"
467,1825.0,"['平均気温', '最低気温', '降雪量', '平均風速', '平均湿度']"
617,1827.0,"['降水量', '日照時間', '降雪量', '平均風速', '平均湿度']"
205,1827.0,"['平均気温', '最低気温', '降水量', '平均風速']"
272,1829.0,"['最高気温', '最低気温', '降雪量', '平均湿度']"
581,1830.0,"['最低気温', '降水量', '日照時間', '降雪量', '平均風速']"
744,1831.0,"['平均気温', '降水量', '日照時間', '降雪量', '平均風速', '平均現地気圧']"
481,1832.0,"['平均気温', '降水量', '日照時間', '平均風速', '平均湿度']"
800,1835.0,"['最高気温', '降水量', '日照時間', '降雪量', '平均風速', '平均現地気圧']"
420,1840.0,"['平均気温', '最高気温', '降水量', '平均湿度', '平均現地気圧']"
214,1840.0,"['平均気温', '最低気温', '降雪量', '平均風速']"
184,1843.0,"['平均気温', '最高気温', '降水量', '平均風速']"
417,1845.0,"['平均気温', '最高気温', '降水量', '平均風速', '平均現地気圧']"
739,1846.0,"['平均気温', '最低気温', '降雪量', '平均風速', '平均湿度', '平均現地気圧']"
186,1847.0,"['平均気温', '最高気温', '降水量', '平均湿度']"
602,1850.0,"['最低気温', '日照時間', '降雪量', '平均風速', '平均湿度']"
439,1852.0,"['平均気温', '最高気温', '平均風速', '平均湿度', '平均現地気圧']"
522,1854.0,"['最高気温', '最低気温', '降水量', '平均風速', '平均現地気圧']"
234,1855.0,"['平均気温', '降水量', '平均風速', '平均湿度']"
599,1857.0,"['最低気温', '降水量', '平均風速', '平均湿度', '平均現地気圧']"
290,1859.0,"['最高気温', '降水量', '平均風速', '平均湿度']"
448,1861.0,"['平均気温', '最低気温', '降水量', '降雪量', '平均湿度']"
263,1861.0,"['最高気温', '最低気温', '降水量', '平均湿度']"
525,1863.0,"['最高気温', '最低気温', '降水量', '平均湿度', '平均現地気圧']"
270,1864.0,"['最高気温', '最低気温', '降雪量', '平均風速']"
407,1867.0,"['平均気温', '最高気温', '降水量', '日照時間', '平均風速']"
564,1869.0,"['最高気温', '降水量', '平均風速', '平均湿度', '平均現地気圧']"
198,1871.0,"['平均気温', '最高気温', '平均風速', '平均湿度']"
887,1872.0,"['平均気温', '最高気温', '降水量', '日照時間', '降雪量', '平均湿度', '平均現地気圧']"
325,1876.0,"['最低気温', '降水量', '平均風速', '平均湿度']"
261,1878.0,"['最高気温', '最低気温', '降水量', '平均風速']"
494,1879.0,"['平均気温', '降水量', '平均風速', '平均湿度', '平均現地気圧']"
275,1880.0,"['最高気温', '最低気温', '平均風速', '平均湿度']"
719,1884.0,"['平均気温', '最低気温', '降水量', '降雪量', '平均風速', '平均現地気圧']"
954,1885.0,"['最高気温', '降水量', '日照時間', '降雪量', '平均風速', '平均湿度', '平均現地気圧']"
544,1889.0,"['最高気温', '最低気温', '平均風速', '平均湿度', '平均現地気圧']"
926,1893.0,"['平均気温', '降水量', '日照時間', '降雪量', '平均風速', '平均湿度', '平均現地気圧']"
678,1900.0,"['平均気温', '最高気温', '降水量', '日照時間', '平均風速', '平均現地気圧']"
961,1902.0,"['最低気温', '降水量', '日照時間', '降雪量', '平均風速', '平均湿度', '平均現地気圧']"
799,1907.0,"['最高気温', '降水量', '日照時間', '降雪量', '平均風速', '平均湿度']"
674,1912.0,"['平均気温', '最高気温', '降水量', '日照時間', '降雪量', '平均湿度']"
899,1914.0,"['平均気温', '最高気温', '日照時間', '降雪量', '平均風速', '平均湿度', '平均現地気圧']"
586,1924.0,"['最低気温', '降水量', '日照時間', '平均風速', '平均湿度']"
446,1935.0,"['平均気温', '最低気温', '降水量', '降雪量', '平均風速']"
743,1936.0,"['平均気温', '降水量', '日照時間', '降雪量', '平均風速', '平均湿度']"
451,1937.0,"['平均気温', '最低気温', '降水量', '平均風速', '平均湿度']"
672,1941.0,"['平均気温', '最高気温', '降水量', '日照時間', '降雪量', '平均風速']"
693,1946.0,"['平均気温', '最高気温', '日照時間', '降雪量', '平均風速', '平均湿度']"
411,1948.0,"['平均気温', '最高気温', '降水量', '降雪量', '平均風速']"
778,1949.0,"['最高気温', '最低気温', '降水量', '降雪量', '平均湿度', '平均現地気圧']"
890,1949.0,"['平均気温', '最高気温', '降水量', '日照時間', '平均風速', '平均湿度', '平均現地気圧']"
413,1950.0,"['平均気温', '最高気温', '降水量', '降雪量', '平均湿度']"
884,1952.0,"['平均気温', '最高気温', '降水量', '日照時間', '降雪量', '平均風速', '平均現地気圧']"
487,1953.0,"['平均気温', '降水量', '降雪量', '平均風速', '平均湿度']"
684,1954.0,"['平均気温', '最高気温', '降水量', '降雪量', '平均風速', '平均現地気圧']"
725,1956.0,"['平均気温', '最低気温', '降水量', '平均風速', '平均湿度', '平均現地気圧']"
518,1956.0,"['最高気温', '最低気温', '降水量', '降雪量', '平均湿度']"
831,1959.0,"['最低気温', '降水量', '降雪量', '平均風速', '平均湿度', '平均現地気圧']"
775,1961.0,"['最高気温', '最低気温', '降水量', '降雪量', '平均風速', '平均現地気圧']"
557,1962.0,"['最高気温', '降水量', '降雪量', '平均風速', '平均湿度']"
687,1963.0,"['平均気温', '最高気温', '降水量', '降雪量', '平均湿度', '平均現地気圧']"
592,1967.0,"['最低気温', '降水量', '降雪量', '平均風速', '平均湿度']"
810,1970.0,"['最高気温', '降水量', '降雪量', '平均風速', '平均湿度', '平均現地気圧']"
754,1973.0,"['平均気温', '降水量', '降雪量', '平均風速', '平均湿度', '平均現地気圧']"
516,1978.0,"['最高気温', '最低気温', '降水量', '降雪量', '平均風速']"
704,1978.0,"['平均気温', '最高気温', '降雪量', '平均風速', '平均湿度', '平均現地気圧']"
537,1980.0,"['最高気温', '最低気温', '降雪量', '平均風速', '平均湿度']"
795,1980.0,"['最高気温', '最低気温', '降雪量', '平均風速', '平均湿度', '平均現地気圧']"
915,1989.0,"['平均気温', '最低気温', '降水量', '降雪量', '平均風速', '平均湿度', '平均現地気圧']"
718,1990.0,"['平均気温', '最低気温', '降水量', '降雪量', '平均風速', '平均湿度']"
677,1992.0,"['平均気温', '最高気温', '降水量', '日照時間', '平均風速', '平均湿度']"
432,1992.0,"['平均気温', '最高気温', '降雪量', '平均風速', '平均湿度']"
820,1994.0,"['最低気温', '降水量', '日照時間', '降雪量', '平均風速', '平均湿度']"
416,2000.0,"['平均気温', '最高気温', '降水量', '平均風速', '平均湿度']"
990,2001.0,"['平均気温', '最高気温', '降水量', '日照時間', '降雪量', '平均風速', '平均湿度', '平均現地気圧']"
690,2004.0,"['平均気温', '最高気温', '降水量', '平均風速', '平均湿度', '平均現地気圧']"
521,2005.0,"['最高気温', '最低気温', '降水量', '平均風速', '平均湿度']"
781,2014.0,"['最高気温', '最低気温', '降水量', '平均風速', '平均湿度', '平均現地気圧']"
883,2017.0,"['平均気温', '最高気温', '降水量', '日照時間', '降雪量', '平均風速', '平均湿度']"
894,2032.0,"['平均気温', '最高気温', '降水量', '降雪量', '平均風速', '平均湿度', '平均現地気圧']"
774,2034.0,"['最高気温', '最低気温', '降水量', '降雪量', '平均風速', '平均湿度']"
683,2036.0,"['平均気温', '最高気温', '降水量', '降雪量', '平均風速', '平均湿度']"
943,2038.0,"['最高気温', '最低気温', '降水量', '降雪量', '平均風速', '平均湿度', '平均現地気圧']"
